"name","run.no.in.std.order","run.no","run.no.std.rp","input","batch","sim_time","insert_time","max_mem","platform"
==> results/batch_size/guarani_batch_local.csv <==
"1","7",1,"7.1","small","D",1977549,1367572,3223648,guarani
"2","15",2,"15.1","big","F",808547815,524050177,269840408,guarani
"3","4",3,"4.1","small","C",2346436,1833535,3384624,guarani
"4","10",4,"10.1","small","E",2539559,1835741,4788024,guarani
"5","13",5,"13.1","small","F",3815750,2854051,3114888,guarani
"6","11",6,"11.1","medium","E",99211871,68003143,71004640,guarani
"7","9",7,"9.1","big","D",853890820,537347286,1070151840,guarani
"8","2",8,"2.1","medium","B",108531705,72048651,553416744,guarani
"9","12",9,"12.1","big","E",828732678,536896714,538096448,guarani
"10","14",10,"14.1","medium","F",99642955,68895567,36806776,guarani
"11","6",11,"6.1","big","C",873037865,536552629,2140641320,guarani
"12","5",12,"5.1","medium","C",103931126,72009501,277502584,guarani
"13","8",13,"8.1","medium","D",106257999,72253348,139770840,guarani
"14","1",14,"1.1","small","B",2178104,1748624,3679480,guarani
"15","3",15,"3.1","big","B",NA,NA,NA,guarani
"16","10",16,"10.2","small","E",2355582,1665066,3152328,guarani
"17","8",17,"8.2","medium","D",102976474,70120817,139771024,guarani
"18","12",18,"12.2","big","E",819787545,524864844,538096360,guarani
"19","2",19,"2.2","medium","B",111949555,75135174,553416744,guarani
"20","3",20,"3.2","big","B",NA,NA,NA,guarani
"21","9",21,"9.2","big","D",854682279,543216330,1070152024,guarani
"22","1",22,"1.2","small","B",2122246,1704617,3679296,guarani
"23","4",23,"4.2","small","C",2104673,1605219,3384624,guarani
"24","6",24,"6.2","big","C",868189048,531267304,2140641136,guarani
"25","5",25,"5.2","medium","C",103637451,71584004,277502680,guarani
"26","11",26,"11.2","medium","E",100954981,70230041,71004824,guarani
"27","14",27,"14.2","medium","F",97233054,66584248,36806688,guarani
"28","13",28,"13.2","small","F",3572839,2580512,3114888,guarani
"29","7",29,"7.2","small","D",2254125,1661573,3223592,guarani
"30","15",30,"15.2","big","F",805909247,523805960,269840320,guarani
"31","11",31,"11.3","medium","E",101906401,70710479,71004824,guarani
"32","3",32,"3.3","big","B",NA,NA,NA,guarani
"33","12",33,"12.3","big","E",824818076,529583505,538096360,guarani
"34","1",34,"1.3","small","B",2195899,1781679,3679480,guarani
"35","13",35,"13.3","small","F",3707955,2716278,3115072,guarani
"36","5",36,"5.3","medium","C",102201723,70424227,277502584,guarani
"37","2",37,"2.3","medium","B",105282585,69272518,553416744,guarani
"38","6",38,"6.3","big","C",870695488,531178847,2140641224,guarani
"39","9",39,"9.3","big","D",851716583,538982512,1070151840,guarani
"40","14",40,"14.3","medium","F",97695215,66847165,36806688,guarani
"41","8",41,"8.3","medium","D",103108180,69261648,139770840,guarani
"42","4",42,"4.3","small","C",1802627,1337436,3384440,guarani
"43","10",43,"10.3","small","E",2648143,1939618,3152328,guarani
"44","7",44,"7.3","small","D",2029945,1432310,3223504,guarani
"45","15",45,"15.3","big","F",807440264,523133846,269840224,guarani
"46","6",46,"6.4","big","C",873374089,532965906,2140641136,guarani
"47","9",47,"9.4","big","D",844997765,535775121,1070151840,guarani
"48","3",48,"3.4","big","B",NA,NA,NA,guarani
"49","8",49,"8.4","medium","D",108259977,74411999,139770840,guarani
"50","15",50,"15.4","big","F",813198696,531100554,269840224,guarani
"51","4",51,"4.4","small","C",2094649,1633572,3384440,guarani
"52","7",52,"7.4","small","D",2563266,1953914,3223648,guarani
"53","11",53,"11.4","medium","E",101289709,70468213,71004728,guarani
"54","13",54,"13.4","small","F",3599402,2641697,3114888,guarani
"55","5",55,"5.4","medium","C",104003189,71917062,277502496,guarani
"56","1",56,"1.4","small","B",2220736,1794200,3679480,guarani
"57","2",57,"2.4","medium","B",110370114,73458424,553416928,guarani
"58","14",58,"14.4","medium","F",96091672,65648127,36806688,guarani
"59","10",59,"10.4","small","E",2537297,1821318,3152144,guarani
"60","12",60,"12.4","big","E",816848431,522604165,538096544,guarani
"61","6",61,"6.5","big","C",874627117,537941581,2140641320,guarani
"62","2",62,"2.5","medium","B",110543099,74082453,553416928,guarani
"63","12",63,"12.5","big","E",820573026,527190594,538096360,guarani
"64","10",64,"10.5","small","E",2885881,2150411,3152104,guarani
"65","9",65,"9.5","big","D",847213515,534344830,1070151840,guarani
"66","7",66,"7.5","small","D",2672851,2042733,3223648,guarani
"67","11",67,"11.5","medium","E",101114016,70515888,71004640,guarani
"68","8",68,"8.5","medium","D",102390946,69047733,139770840,guarani
"69","1",69,"1.5","small","B",2354791,1914558,3679296,guarani
"70","5",70,"5.5","medium","C",105379819,73396675,277502680,guarani
"71","14",71,"14.5","medium","F",98367650,67989729,36806872,guarani
"72","3",72,"3.5","big","B",NA,NA,NA,guarani
"73","13",73,"13.5","small","F",3349388,2367039,3114888,guarani
"74","4",74,"4.5","small","C",1762815,1268015,3384440,guarani
"75","15",75,"15.5","big","F",812085392,527245368,269840408,guarani
"76","13",76,"13.6","small","F",3798370,2886162,3114976,guarani
"77","8",77,"8.6","medium","D",106810489,73117896,139771024,guarani
"78","2",78,"2.6","medium","B",109357089,73076627,553416744,guarani
"79","9",79,"9.6","big","D",842151656,530160835,1070151928,guarani
"80","6",80,"6.6","big","C",880207529,540551829,2140641136,guarani
"81","7",81,"7.6","small","D",2338311,1743676,3223592,guarani
"82","3",82,"3.6","big","B",NA,NA,NA,guarani
"83","4",83,"4.6","small","C",2660355,2170326,3384624,guarani
"84","14",84,"14.6","medium","F",96355107,65824992,36806688,guarani
"85","1",85,"1.6","small","B",2206009,1776480,3679296,guarani
"86","15",86,"15.6","big","F",812333822,529726774,269840408,guarani
"87","12",87,"12.6","big","E",828058232,534245393,538096544,guarani
"88","5",88,"5.6","medium","C",105417110,73289898,277502680,guarani
"89","10",89,"10.6","small","E",2606415,1895166,3152144,guarani
"90","11",90,"11.6","medium","E",99787842,68668504,71004824,guarani
"91","10",91,"10.7","small","E",2821726,2146362,3152144,guarani
"92","6",92,"6.7","big","C",867693329,529707702,2140641136,guarani
"93","15",93,"15.7","big","F",820360641,537083030,269840408,guarani
"94","9",94,"9.7","big","D",845061935,534296133,1070151840,guarani
"95","13",95,"13.7","small","F",3949721,2920559,3114888,guarani
"96","7",96,"7.7","small","D",2346810,1731825,3223688,guarani
"97","11",97,"11.7","medium","E",97566492,66431643,71004640,guarani
"98","4",98,"4.7","small","C",1969800,1473502,3384440,guarani
"99","14",99,"14.7","medium","F",96979902,66387839,36806688,guarani
"100","2",100,"2.7","medium","B",107391989,71059513,553416744,guarani
"101","12",101,"12.7","big","E",823238900,529805817,538096360,guarani
"102","8",102,"8.7","medium","D",106342427,72353417,139770840,guarani
"103","1",103,"1.7","small","B",2572698,2190008,3679296,guarani
"104","5",104,"5.7","medium","C",103695439,71468284,277502680,guarani
"105","3",105,"3.7","big","B",NA,NA,NA,guarani
"106","5",106,"5.8","medium","C",103484706,71197548,277502496,guarani
"107","13",107,"13.8","small","F",3173547,2200285,3115072,guarani
"108","14",108,"14.8","medium","F",95684320,65038075,36806872,guarani
"109","4",109,"4.8","small","C",2110237,1678728,3384624,guarani
"110","3",110,"3.8","big","B",NA,NA,NA,guarani
"111","1",111,"1.8","small","B",2395966,1982381,3679296,guarani
"112","10",112,"10.8","small","E",2863674,2140809,3152064,guarani
"113","12",113,"12.8","big","E",828246807,535826575,538096544,guarani
"114","8",114,"8.8","medium","D",104133759,70499039,139770840,guarani
"115","15",115,"15.8","big","F",810475774,527134498,269840144,guarani
"116","11",116,"11.8","medium","E",103184152,71977717,71004640,guarani
"117","9",117,"9.8","big","D",838221337,528818953,1070151840,guarani
"118","2",118,"2.8","medium","B",110597883,73781556,553416928,guarani
"119","7",119,"7.8","small","D",2613026,2000196,3223592,guarani
"120","6",120,"6.8","big","C",875048234,537498585,2140641136,guarani
"121","12",121,"12.9","big","E",828498293,531946445,538096544,guarani
"122","13",122,"13.9","small","F",4040185,2989511,3115072,guarani
"123","5",123,"5.9","medium","C",104065212,72256912,277502584,guarani
"124","2",124,"2.9","medium","B",108585602,72396112,553416928,guarani
"125","3",125,"3.9","big","B",NA,NA,NA,guarani
"126","9",126,"9.9","big","D",849934137,537099306,1070151840,guarani
"127","14",127,"14.9","medium","F",96694756,66082745,36806688,guarani
"128","6",128,"6.9","big","C",866198951,525093883,2140641136,guarani
"129","15",129,"15.9","big","F",815166065,533258581,269840224,guarani
"130","1",130,"1.9","small","B",2355072,1943293,3679296,guarani
"131","8",131,"8.9","medium","D",107516212,73760858,139770928,guarani
"132","11",132,"11.9","medium","E",100928819,69660032,71004640,guarani
"133","7",133,"7.9","small","D",2253607,1663604,3223464,guarani
"134","10",134,"10.9","small","E",2981201,2261711,3152104,guarani
"135","4",135,"4.9","small","C",2577308,2076475,3384440,guarani
"136","12",136,"12.10","big","E",818124488,523545500,538096360,guarani
"137","6",137,"6.10","big","C",878185446,540511047,2140641136,guarani
"138","7",138,"7.10","small","D",2452228,1882766,3223592,guarani
"139","4",139,"4.10","small","C",1978430,1471763,3384624,guarani
"140","5",140,"5.10","medium","C",103991777,72164791,277502680,guarani
"141","2",141,"2.10","medium","B",105815290,69788279,553416928,guarani
"142","9",142,"9.10","big","D",844015057,531525466,1070151840,guarani
"143","1",143,"1.10","small","B",1962353,1552647,3679480,guarani
"144","13",144,"13.10","small","F",3274394,2272981,3114888,guarani
"145","10",145,"10.10","small","E",2704024,1974032,3152328,guarani
"146","3",146,"3.10","big","B",NA,NA,NA,guarani
"147","8",147,"8.10","medium","D",105541036,71236529,139770840,guarani
"148","15",148,"15.10","big","F",822147320,534127860,269840408,guarani
"149","14",149,"14.10","medium","F",94935234,64396987,36806688,guarani
"150","11",150,"11.10","medium","E",99127295,67758431,71004824,guarani

==> results/batch_size/bateria01_batch_guarani_orion.csv <==
"1","8",1,"8.1","medium","C",95729191,63876499,277502560,guarani_orion
"2","18",2,"18.1","big","F",765609348,480095904,269839192,guarani_orion
"3","5",3,"5.1","medium","B",98475845,62738128,553416808,guarani_orion
"4","12",4,"12.1","big","D",792449055,482476239,1070150800,guarani_orion
"5","16",5,"16.1","small","F",904440,209350,3114600,guarani_orion
"6","6",6,"6.1","big","B",NA,NA,NA,guarani_orion
"7","15",7,"15.1","big","E",775009690,482444082,538095504,guarani_orion
"8","3",8,"3.1","big","A",NA,NA,NA,guarani_orion
"9","13",9,"13.1","small","E",648814,159654,3152000,guarani_orion
"10","10",10,"10.1","small","D",573042,150589,3223264,guarani_orion
"11","7",11,"7.1","small","C",551141,138318,3384336,guarani_orion
"12","17",12,"17.1","medium","F",93896372,63062088,36805648,guarani_orion
"13","4",13,"4.1","small","B",521541,148063,3679016,guarani_orion
"14","11",14,"11.1","medium","D",95989211,62421635,139769888,guarani_orion
"15","14",15,"14.1","medium","E",91172608,61063337,71003784,guarani_orion
"16","2",16,"2.1","medium","A",100174817,62795728,1086384296,guarani_orion
"17","9",17,"9.1","big","C",817663388,479458389,2140641384,guarani_orion
"18","1",18,"1.1","small","A",490466,157788,4259984,guarani_orion
"19","3",19,"3.2","big","A",NA,NA,NA,guarani_orion
"20","5",20,"5.2","medium","B",98632146,62454971,553416808,guarani_orion
"21","14",21,"14.2","medium","E",91534062,60796546,71003784,guarani_orion
"22","1",22,"1.2","small","A",488172,155130,4259984,guarani_orion
"23","6",23,"6.2","big","B",NA,NA,NA,guarani_orion
"24","10",24,"10.2","small","D",615405,174422,3223176,guarani_orion
"25","13",25,"13.2","small","E",670647,167575,3152040,guarani_orion
"26","17",26,"17.2","medium","F",91334075,60392192,36805736,guarani_orion
"27","12",27,"12.2","big","D",791245305,483278472,1070150984,guarani_orion
"28","16",28,"16.2","small","F",888700,216120,3114600,guarani_orion
"29","7",29,"7.2","small","C",596495,155477,3384152,guarani_orion
"30","11",30,"11.2","medium","D",97194017,63143370,139769800,guarani_orion
"31","8",31,"8.2","medium","C",95608709,63342456,277502744,guarani_orion
"32","15",32,"15.2","big","E",775573457,481730056,538095320,guarani_orion
"33","4",33,"4.2","small","B",530127,139941,3679104,guarani_orion
"34","9",34,"9.2","big","C",831915931,491314233,2140641200,guarani_orion
"35","18",35,"18.2","big","F",767231848,483853730,269839376,guarani_orion
"36","2",36,"2.2","medium","A",100961226,63668919,1086384480,guarani_orion
"37","3",37,"3.3","big","A",NA,NA,NA,guarani_orion
"38","11",38,"11.3","medium","D",97535069,63906333,139769800,guarani_orion
"39","5",39,"5.3","medium","B",100357915,63973547,553416992,guarani_orion
"40","6",40,"6.3","big","B",NA,NA,NA,guarani_orion
"41","7",41,"7.3","small","C",551605,158879,3384240,guarani_orion
"42","17",42,"17.3","medium","F",92465901,61416225,36805736,guarani_orion
"43","12",43,"12.3","big","D",806233224,494544849,1070150984,guarani_orion
"44","10",44,"10.3","small","D",608465,164137,3223360,guarani_orion
"45","14",45,"14.3","medium","E",92767575,62506336,71003600,guarani_orion
"46","4",46,"4.3","small","B",511877,134461,3679016,guarani_orion
"47","16",47,"16.3","small","F",862196,205426,3114600,guarani_orion
"48","2",48,"2.3","medium","A",100929383,63084313,1086384296,guarani_orion
"49","9",49,"9.3","big","C",829436739,489876608,2140641200,guarani_orion
"50","18",50,"18.3","big","F",764255480,480650603,269839376,guarani_orion
"51","13",51,"13.3","small","E",675027,169427,4787824,guarani_orion
"52","8",52,"8.3","medium","C",93647137,61590991,277502560,guarani_orion
"53","15",53,"15.3","big","E",775990880,483782546,538095320,guarani_orion
"54","1",54,"1.3","small","A",546433,209502,4260168,guarani_orion
"55","14",55,"14.4","medium","E",91547000,60961992,71003512,guarani_orion
"56","1",56,"1.4","small","A",490700,155916,4259984,guarani_orion
"57","5",57,"5.4","medium","B",97574002,61585354,553416808,guarani_orion
"58","12",58,"12.4","big","D",798510632,489067533,1070150984,guarani_orion
"59","15",59,"15.4","big","E",775820383,483891233,538095320,guarani_orion
"60","2",60,"2.4","medium","A",100548470,62689873,1086384480,guarani_orion
"61","16",61,"16.4","small","F",858547,206622,3114688,guarani_orion
"62","13",62,"13.4","small","E",637725,167716,3151856,guarani_orion
"63","9",63,"9.4","big","C",816441008,480981051,2140641200,guarani_orion
"64","8",64,"8.4","medium","C",94296296,62135702,277502744,guarani_orion
"65","7",65,"7.4","small","C",563450,142907,3384152,guarani_orion
"66","18",66,"18.4","big","F",756310494,474527512,269839376,guarani_orion
"67","6",67,"6.4","big","B",NA,NA,NA,guarani_orion
"68","10",68,"10.4","small","D",579380,145783,3220120,guarani_orion
"69","17",69,"17.4","medium","F",94023142,63205472,36805648,guarani_orion
"70","3",70,"3.4","big","A",NA,NA,NA,guarani_orion
"71","4",71,"4.4","small","B",515216,149197,3678976,guarani_orion
"72","11",72,"11.4","medium","D",96938705,63249824,139769984,guarani_orion
"73","6",73,"6.5","big","B",NA,NA,NA,guarani_orion
"74","9",74,"9.5","big","C",833195105,494518287,2140641200,guarani_orion
"75","10",75,"10.5","small","D",641824,199795,3223400,guarani_orion
"76","13",76,"13.5","small","E",723732,199212,3151856,guarani_orion
"77","8",77,"8.5","medium","C",94243014,62153154,277502744,guarani_orion
"78","2",78,"2.5","medium","A",99098342,62021613,1086384480,guarani_orion
"79","17",79,"17.5","medium","F",91959832,61017472,36805648,guarani_orion
"80","18",80,"18.5","big","F",764112342,480950988,269839376,guarani_orion
"81","7",81,"7.5","small","C",553664,138216,3384112,guarani_orion
"82","3",82,"3.5","big","A",NA,NA,NA,guarani_orion
"83","4",83,"4.5","small","B",543799,151274,3679160,guarani_orion
"84","14",84,"14.5","medium","E",91733062,61551021,71003688,guarani_orion
"85","1",85,"1.5","small","A",496522,163205,4260168,guarani_orion
"86","15",86,"15.5","big","E",785953081,491818285,538095320,guarani_orion
"87","12",87,"12.5","big","D",791623318,486032520,1070150800,guarani_orion
"88","5",88,"5.5","medium","B",101276082,64622367,553416992,guarani_orion
"89","16",89,"16.5","small","F",852234,215118,3114600,guarani_orion
"90","11",90,"11.5","medium","D",97894148,64000648,139769800,guarani_orion
"91","12",91,"12.6","big","D",792939272,484024043,1070150800,guarani_orion
"92","8",92,"8.6","medium","C",93185159,61340643,277502744,guarani_orion
"93","18",93,"18.6","big","F",766749919,482416143,269839192,guarani_orion
"94","11",94,"11.6","medium","D",97436121,63785973,139769984,guarani_orion
"95","16",95,"16.6","small","F",864436,228840,3114784,guarani_orion
"96","17",96,"17.6","medium","F",92058364,61765834,36805648,guarani_orion
"97","9",97,"9.6","big","C",828611497,491056413,2140641200,guarani_orion
"98","5",98,"5.6","medium","B",97788813,61413207,553416808,guarani_orion
"99","13",99,"13.6","small","E",678379,188904,3151944,guarani_orion
"100","3",100,"3.6","big","A",NA,NA,NA,guarani_orion
"101","4",101,"4.6","small","B",510830,141212,3679200,guarani_orion
"102","7",102,"7.6","small","C",592869,146472,3384152,guarani_orion
"103","2",103,"2.6","medium","A",100200139,62675197,1086384480,guarani_orion
"104","15",104,"15.6","big","E",779800484,487637072,538095320,guarani_orion
"105","6",105,"6.6","big","B",NA,NA,NA,guarani_orion
"106","1",106,"1.6","small","A",496956,158415,4259984,guarani_orion
"107","10",107,"10.6","small","D",589792,160474,3223176,guarani_orion
"108","14",108,"14.6","medium","E",91376493,60657358,71003600,guarani_orion
"109","6",109,"6.7","big","B",NA,NA,NA,guarani_orion
"110","4",110,"4.7","small","B",532280,147752,3679112,guarani_orion
"111","1",111,"1.7","small","A",495798,154028,4260168,guarani_orion
"112","2",112,"2.7","medium","A",100020573,62628612,1086384296,guarani_orion
"113","7",113,"7.7","small","C",519789,133224,3384152,guarani_orion
"114","18",114,"18.7","big","F",760798438,476369726,269839376,guarani_orion
"115","10",115,"10.7","small","D",575266,145226,3223360,guarani_orion
"116","5",116,"5.7","medium","B",98547697,62078595,553416896,guarani_orion
"117","16",117,"16.7","small","F",873472,209755,3114784,guarani_orion
"118","17",118,"17.7","medium","F",92010925,61182197,36805648,guarani_orion
"119","15",119,"15.7","big","E",778512824,483548671,538095320,guarani_orion
"120","12",120,"12.7","big","D",791656899,481205859,1070150984,guarani_orion
"121","11",121,"11.7","medium","D",95061463,61419397,139769800,guarani_orion
"122","13",122,"13.7","small","E",637810,154612,3151856,guarani_orion
"123","8",123,"8.7","medium","C",95012140,63114174,277502560,guarani_orion
"124","14",124,"14.7","medium","E",91689481,60871155,71003784,guarani_orion
"125","3",125,"3.7","big","A",NA,NA,NA,guarani_orion
"126","9",126,"9.7","big","C",815814755,482038366,2140641288,guarani_orion
"127","10",127,"10.8","small","D",557670,144749,3223176,guarani_orion
"128","11",128,"11.8","medium","D",97387045,63814274,139769800,guarani_orion
"129","5",129,"5.8","medium","B",100997163,64921587,553416992,guarani_orion
"130","1",130,"1.8","small","A",487515,157655,4260168,guarani_orion
"131","2",131,"2.8","medium","A",99869528,62356774,1086384296,guarani_orion
"132","9",132,"9.8","big","C",819365127,482055936,2140641200,guarani_orion
"133","7",133,"7.8","small","C",549796,138032,3384152,guarani_orion
"134","14",134,"14.8","medium","E",92774799,62018719,71003600,guarani_orion
"135","13",135,"13.8","small","E",634072,155896,3152040,guarani_orion
"136","12",136,"12.8","big","D",790441863,481279386,1070150984,guarani_orion
"137","4",137,"4.8","small","B",515231,144002,3679016,guarani_orion
"138","8",138,"8.8","medium","C",96004701,63908551,277502560,guarani_orion
"139","17",139,"17.8","medium","F",91548024,60668359,36805832,guarani_orion
"140","3",140,"3.8","big","A",NA,NA,NA,guarani_orion
"141","15",141,"15.8","big","E",779991561,486120080,538095504,guarani_orion
"142","16",142,"16.8","small","F",855964,203956,3114688,guarani_orion
"143","18",143,"18.8","big","F",762818157,479928709,269839192,guarani_orion
"144","6",144,"6.8","big","B",NA,NA,NA,guarani_orion
"145","4",145,"4.9","small","B",523142,142873,3679016,guarani_orion
"146","8",146,"8.9","medium","C",94371172,62204928,277502560,guarani_orion
"147","18",147,"18.9","big","F",763943384,480476472,269839376,guarani_orion
"148","2",148,"2.9","medium","A",99761929,62846237,1086384480,guarani_orion
"149","11",149,"11.9","medium","D",94711238,61517474,139769800,guarani_orion
"150","12",150,"12.9","big","D",796911122,488620959,1070150800,guarani_orion
"151","3",151,"3.9","big","A",NA,NA,NA,guarani_orion
"152","10",152,"10.9","small","D",679602,164681,2541776,guarani_orion
"153","14",153,"14.9","medium","E",92070803,61478424,71003600,guarani_orion
"154","5",154,"5.9","medium","B",97612620,61547090,553416808,guarani_orion
"155","17",155,"17.9","medium","F",91682132,61216330,36805648,guarani_orion
"156","9",156,"9.9","big","C",821876165,481260188,2140641200,guarani_orion
"157","15",157,"15.9","big","E",767020646,473350999,538095320,guarani_orion
"158","13",158,"13.9","small","E",638596,156125,3151856,guarani_orion
"159","6",159,"6.9","big","B",NA,NA,NA,guarani_orion
"160","7",160,"7.9","small","C",591450,142208,3384152,guarani_orion
"161","16",161,"16.9","small","F",865541,209032,3114784,guarani_orion
"162","1",162,"1.9","small","A",494150,153420,4260168,guarani_orion
"163","13",163,"13.10","small","E",629611,154263,3151856,guarani_orion
"164","5",164,"5.10","medium","B",101646783,65528373,553416992,guarani_orion
"165","3",165,"3.10","big","A",NA,NA,NA,guarani_orion
"166","15",166,"15.10","big","E",787749226,491008692,538095320,guarani_orion
"167","14",167,"14.10","medium","E",90843906,60458597,71003784,guarani_orion
"168","17",168,"17.10","medium","F",90967367,60163146,36805832,guarani_orion
"169","6",169,"6.10","big","B",NA,NA,NA,guarani_orion
"170","7",170,"7.10","small","C",557384,160149,3384200,guarani_orion
"171","12",171,"12.10","big","D",793527834,482626163,1070150984,guarani_orion
"172","16",172,"16.10","small","F",875541,195122,3114600,guarani_orion
"173","11",173,"11.10","medium","D",96248622,61977379,139769888,guarani_orion
"174","2",174,"2.10","medium","A",101651717,64477043,1086384296,guarani_orion
"175","1",175,"1.10","small","A",509947,152392,4260168,guarani_orion
"176","10",176,"10.10","small","D",572401,146005,3223360,guarani_orion
"177","9",177,"9.10","big","C",818327823,479358829,2140641200,guarani_orion
"178","18",178,"18.10","big","F",758867489,475322944,269839192,guarani_orion
"179","8",179,"8.10","medium","C",95497561,63408097,277502560,guarani_orion
"180","4",180,"4.10","small","B",507002,139525,3679016,guarani_orion
"181","3",181,"3.11","big","A",NA,NA,NA,guarani_orion
"182","7",182,"7.11","small","C",553336,143857,3384152,guarani_orion
"183","4",183,"4.11","small","B",537815,142871,3679016,guarani_orion
"184","8",184,"8.11","medium","C",94921026,63186190,277502648,guarani_orion
"185","5",185,"5.11","medium","B",98816358,62863771,553416992,guarani_orion
"186","1",186,"1.11","small","A",498455,154280,4260168,guarani_orion
"187","17",187,"17.11","medium","F",90897663,60033163,36805648,guarani_orion
"188","9",188,"9.11","big","C",819699080,482010686,2140641200,guarani_orion
"189","2",189,"2.11","medium","A",99294850,61949977,1086384480,guarani_orion
"190","6",190,"6.11","big","B",NA,NA,NA,guarani_orion
"191","12",191,"12.11","big","D",786311104,476611613,1070150800,guarani_orion
"192","10",192,"10.11","small","D",596471,155572,3223176,guarani_orion
"193","16",193,"16.11","small","F",875618,213220,3114784,guarani_orion
"194","11",194,"11.11","medium","D",95475880,61537941,139769888,guarani_orion
"195","13",195,"13.11","small","E",657167,165585,3151856,guarani_orion
"196","15",196,"15.11","big","E",782874526,490276672,538095504,guarani_orion
"197","18",197,"18.11","big","F",759062384,476220822,269839376,guarani_orion
"198","14",198,"14.11","medium","E",92873227,62063216,71003600,guarani_orion
"199","10",199,"10.12","small","D",575254,156691,3223176,guarani_orion
"200","5",200,"5.12","medium","B",98332538,62697517,553416808,guarani_orion
"201","13",201,"13.12","small","E",653377,160823,3152040,guarani_orion
"202","7",202,"7.12","small","C",567184,143151,3384152,guarani_orion
"203","4",203,"4.12","small","B",537854,152914,3679016,guarani_orion
"204","8",204,"8.12","medium","C",94328276,62278034,277502560,guarani_orion
"205","3",205,"3.12","big","A",NA,NA,NA,guarani_orion
"206","11",206,"11.12","medium","D",96225635,62062048,139769984,guarani_orion
"207","14",207,"14.12","medium","E",91844044,61557045,71003600,guarani_orion
"208","12",208,"12.12","big","D",792481149,481636755,1070150800,guarani_orion
"209","16",209,"16.12","small","F",864177,198222,3114600,guarani_orion
"210","6",210,"6.12","big","B",NA,NA,NA,guarani_orion
"211","2",211,"2.12","medium","A",100190280,63027976,1086384296,guarani_orion
"212","9",212,"9.12","big","C",822149411,483930907,2140641200,guarani_orion
"213","15",213,"15.12","big","E",773245933,479642527,538095320,guarani_orion
"214","17",214,"17.12","medium","F",91431206,60470059,36805832,guarani_orion
"215","18",215,"18.12","big","F",769151735,484537136,269839192,guarani_orion
"216","1",216,"1.12","small","A",486240,155730,4259984,guarani_orion
"217","13",217,"13.13","small","E",650364,168996,4787832,guarani_orion
"218","14",218,"14.13","medium","E",92411018,61440127,71003600,guarani_orion
"219","1",219,"1.13","small","A",488622,150163,4260168,guarani_orion
"220","10",220,"10.13","small","D",591919,160087,3223176,guarani_orion
"221","2",221,"2.13","medium","A",99600223,62415337,1086384296,guarani_orion
"222","17",222,"17.13","medium","F",91769539,61126039,36805736,guarani_orion
"223","16",223,"16.13","small","F",890604,229685,3114784,guarani_orion
"224","4",224,"4.13","small","B",539658,154058,3679200,guarani_orion
"225","7",225,"7.13","small","C",527650,139386,3384152,guarani_orion
"226","6",226,"6.13","big","B",NA,NA,NA,guarani_orion
"227","5",227,"5.13","medium","B",97759880,61661072,553416992,guarani_orion
"228","18",228,"18.13","big","F",776510120,492121434,269839376,guarani_orion
"229","12",229,"12.13","big","D",793294710,483571872,1070150984,guarani_orion
"230","15",230,"15.13","big","E",769905071,475616338,538095408,guarani_orion
"231","11",231,"11.13","medium","D",97123531,63087557,139769800,guarani_orion
"232","9",232,"9.13","big","C",822374579,489312120,2140641200,guarani_orion
"233","8",233,"8.13","medium","C",93096188,61132830,277502744,guarani_orion
"234","3",234,"3.13","big","A",NA,NA,NA,guarani_orion
"235","15",235,"15.14","big","E",780743343,487106796,538095320,guarani_orion
"236","18",236,"18.14","big","F",762550075,477700476,269839376,guarani_orion
"237","1",237,"1.14","small","A",489532,152727,4259984,guarani_orion
"238","12",238,"12.14","big","D",787615042,478094997,1070150984,guarani_orion
"239","3",239,"3.14","big","A",NA,NA,NA,guarani_orion
"240","14",240,"14.14","medium","E",91932095,61099605,71003600,guarani_orion
"241","7",241,"7.14","small","C",545955,148252,3384152,guarani_orion
"242","16",242,"16.14","small","F",885410,227959,3114600,guarani_orion
"243","17",243,"17.14","medium","F",91740686,60970624,36805648,guarani_orion
"244","13",244,"13.14","small","E",658645,166246,3151856,guarani_orion
"245","8",245,"8.14","medium","C",94371704,62414124,277502744,guarani_orion
"246","2",246,"2.14","medium","A",100023571,62718856,1086384296,guarani_orion
"247","11",247,"11.14","medium","D",97607717,63904775,139769984,guarani_orion
"248","10",248,"10.14","small","D",642123,154008,2541776,guarani_orion
"249","5",249,"5.14","medium","B",97989062,61774861,553416808,guarani_orion
"250","9",250,"9.14","big","C",819967515,480769935,2140641384,guarani_orion
"251","6",251,"6.14","big","B",NA,NA,NA,guarani_orion
"252","4",252,"4.14","small","B",527051,152779,3679016,guarani_orion
"253","2",253,"2.15","medium","A",100329418,63192474,1086384296,guarani_orion
"254","6",254,"6.15","big","B",NA,NA,NA,guarani_orion
"255","16",255,"16.15","small","F",840671,203238,3114600,guarani_orion
"256","9",256,"9.15","big","C",824933035,486737345,2140641200,guarani_orion
"257","11",257,"11.15","medium","D",97559287,63667274,139769800,guarani_orion
"258","13",258,"13.15","small","E",681751,183949,3151856,guarani_orion
"259","7",259,"7.15","small","C",579492,153136,3384240,guarani_orion
"260","15",260,"15.15","big","E",766425397,475539572,538095408,guarani_orion
"261","1",261,"1.15","small","A",495733,155757,4259984,guarani_orion
"262","10",262,"10.15","small","D",570695,158748,3223400,guarani_orion
"263","12",263,"12.15","big","D",785881518,476917275,1070150800,guarani_orion
"264","3",264,"3.15","big","A",NA,NA,NA,guarani_orion
"265","17",265,"17.15","medium","F",93142209,62602215,36805648,guarani_orion
"266","4",266,"4.15","small","B",515248,139332,3679016,guarani_orion
"267","5",267,"5.15","medium","B",98727322,62622431,553416808,guarani_orion
"268","18",268,"18.15","big","F",767713863,483069008,269839376,guarani_orion
"269","8",269,"8.15","medium","C",94205110,62119156,277502744,guarani_orion
"270","14",270,"14.15","medium","E",91884948,60976238,71003784,guarani_orion
"271","3",271,"3.16","big","A",NA,NA,NA,guarani_orion
"272","14",272,"14.16","medium","E",92408055,61329181,71003600,guarani_orion
"273","1",273,"1.16","small","A",493186,152708,4260168,guarani_orion
"274","11",274,"11.16","medium","D",95356927,61801481,139769800,guarani_orion
"275","7",275,"7.16","small","C",540684,139550,3384336,guarani_orion
"276","6",276,"6.16","big","B",NA,NA,NA,guarani_orion
"277","5",277,"5.16","medium","B",97995525,61923320,553416992,guarani_orion
"278","15",278,"15.16","big","E",770760529,478161325,538095408,guarani_orion
"279","18",279,"18.16","big","F",767166683,483019609,269839192,guarani_orion
"280","13",280,"13.16","small","E",670165,174642,3152040,guarani_orion
"281","12",281,"12.16","big","D",788276142,477297362,1070150888,guarani_orion
"282","2",282,"2.16","medium","A",98956296,61855131,1086384296,guarani_orion
"283","10",283,"10.16","small","D",671422,219527,4859056,guarani_orion
"284","17",284,"17.16","medium","F",92216083,61240840,36805648,guarani_orion
"285","4",285,"4.16","small","B",526082,138449,5315080,guarani_orion
"286","16",286,"16.16","small","F",847296,199268,3114600,guarani_orion
"287","8",287,"8.16","medium","C",95109942,62944739,277502560,guarani_orion
"288","9",288,"9.16","big","C",827432499,490585183,2140641384,guarani_orion
"289","12",289,"12.17","big","D",790834752,483410112,1070150800,guarani_orion
"290","15",290,"15.17","big","E",770991298,477846663,538095504,guarani_orion
"291","16",291,"16.17","small","F",932868,281335,3114600,guarani_orion
"292","17",292,"17.17","medium","F",90719146,59933007,36805648,guarani_orion
"293","4",293,"4.17","small","B",521716,143364,3679016,guarani_orion
"294","3",294,"3.17","big","A",NA,NA,NA,guarani_orion
"295","10",295,"10.17","small","D",562959,148280,3223176,guarani_orion
"296","8",296,"8.17","medium","C",95409407,63714517,277502744,guarani_orion
"297","6",297,"6.17","big","B",NA,NA,NA,guarani_orion
"298","9",298,"9.17","big","C",825272055,488574626,2140641200,guarani_orion
"299","5",299,"5.17","medium","B",97936143,61470390,553416896,guarani_orion
"300","1",300,"1.17","small","A",518377,185032,4260168,guarani_orion
"301","13",301,"13.17","small","E",643740,161394,3151856,guarani_orion
"302","14",302,"14.17","medium","E",90914281,60803889,71003600,guarani_orion
"303","18",303,"18.17","big","F",761750703,478967370,269839192,guarani_orion
"304","11",304,"11.17","medium","D",98144521,63232364,139769800,guarani_orion
"305","2",305,"2.17","medium","A",98623528,61583749,1086384384,guarani_orion
"306","7",306,"7.17","small","C",550828,139650,3384336,guarani_orion
"307","2",307,"2.18","medium","A",102024176,64426701,1086384480,guarani_orion
"308","10",308,"10.18","small","D",599695,166103,3223176,guarani_orion
"309","11",309,"11.18","medium","D",95538963,61954199,139769984,guarani_orion
"310","15",310,"15.18","big","E",790876998,492354163,538095504,guarani_orion
"311","8",311,"8.18","medium","C",93755871,61940975,277502744,guarani_orion
"312","3",312,"3.18","big","A",NA,NA,NA,guarani_orion
"313","7",313,"7.18","small","C",558243,145883,3384152,guarani_orion
"314","18",314,"18.18","big","F",769563395,485794797,269839192,guarani_orion
"315","14",315,"14.18","medium","E",91536034,60998366,71003784,guarani_orion
"316","9",316,"9.18","big","C",815356745,477515679,2140641200,guarani_orion
"317","1",317,"1.18","small","A",511015,161958,4260168,guarani_orion
"318","13",318,"13.18","small","E",653013,177412,4787920,guarani_orion
"319","6",319,"6.18","big","B",NA,NA,NA,guarani_orion
"320","16",320,"16.18","small","F",885966,241130,3114600,guarani_orion
"321","4",321,"4.18","small","B",507342,137600,3679200,guarani_orion
"322","17",322,"17.18","medium","F",92486947,61684431,36805648,guarani_orion
"323","5",323,"5.18","medium","B",98200363,62133885,553416992,guarani_orion
"324","12",324,"12.18","big","D",784240363,476336990,1070150800,guarani_orion
"325","8",325,"8.19","medium","C",95623930,63692718,277502744,guarani_orion
"326","18",326,"18.19","big","F",763935066,478412077,269839376,guarani_orion
"327","4",327,"4.19","small","B",537611,150962,3679200,guarani_orion
"328","1",328,"1.19","small","A",491828,154304,4259984,guarani_orion
"329","2",329,"2.19","medium","A",100512497,63312110,1086384296,guarani_orion
"330","11",330,"11.19","medium","D",95884794,62447504,139769800,guarani_orion
"331","13",331,"13.19","small","E",643045,157906,3152040,guarani_orion
"332","15",332,"15.19","big","E",778656160,482763127,538095504,guarani_orion
"333","12",333,"12.19","big","D",792568553,481728363,1070150984,guarani_orion
"334","10",334,"10.19","small","D",584225,154672,3223216,guarani_orion
"335","3",335,"3.19","big","A",NA,NA,NA,guarani_orion
"336","17",336,"17.19","medium","F",93580515,62602004,36805736,guarani_orion
"337","7",337,"7.19","small","C",542732,148940,3384152,guarani_orion
"338","6",338,"6.19","big","B",NA,NA,NA,guarani_orion
"339","9",339,"9.19","big","C",824911955,482839910,2140641200,guarani_orion
"340","16",340,"16.19","small","F",845418,202661,3114600,guarani_orion
"341","14",341,"14.19","medium","E",92615624,61836515,71003600,guarani_orion
"342","5",342,"5.19","medium","B",100466149,64254364,553416992,guarani_orion
"343","5",343,"5.20","medium","B",97566469,61662138,553416808,guarani_orion
"344","15",344,"15.20","big","E",774009435,481992201,538095320,guarani_orion
"345","4",345,"4.20","small","B",529632,140711,3678976,guarani_orion
"346","13",346,"13.20","small","E",652913,178948,3151856,guarani_orion
"347","10",347,"10.20","small","D",585617,162778,3223176,guarani_orion
"348","9",348,"9.20","big","C",824292298,487823403,2140641288,guarani_orion
"349","6",349,"6.20","big","B",NA,NA,NA,guarani_orion
"350","3",350,"3.20","big","A",NA,NA,NA,guarani_orion
"351","12",351,"12.20","big","D",802063702,490797563,1070150888,guarani_orion
"352","8",352,"8.20","medium","C",96162077,64151256,277502560,guarani_orion
"353","16",353,"16.20","small","F",889805,217590,3114600,guarani_orion
"354","1",354,"1.20","small","A",497204,161757,4260072,guarani_orion
"355","2",355,"2.20","medium","A",99657421,62511367,1086384480,guarani_orion
"356","11",356,"11.20","medium","D",95833728,62263857,139769984,guarani_orion
"357","17",357,"17.20","medium","F",92298379,61070391,36805736,guarani_orion
"358","18",358,"18.20","big","F",775168781,489512579,269839192,guarani_orion
"359","14",359,"14.20","medium","E",91889480,61562625,71003600,guarani_orion
"360","7",360,"7.20","small","C",528952,135163,3384336,guarani_orion
"361","12",361,"12.21","big","D",798146442,484610894,1070150800,guarani_orion
"362","11",362,"11.21","medium","D",96574373,62551596,139769800,guarani_orion
"363","17",363,"17.21","medium","F",91564788,60863667,36805648,guarani_orion
"364","16",364,"16.21","small","F",859451,212724,3114784,guarani_orion
"365","9",365,"9.21","big","C",816436098,477337643,2140641200,guarani_orion
"366","4",366,"4.21","small","B",508333,139345,3679200,guarani_orion
"367","7",367,"7.21","small","C",560832,145994,3384112,guarani_orion
"368","15",368,"15.21","big","E",779304391,483947700,538095320,guarani_orion
"369","2",369,"2.21","medium","A",100893621,63651301,1086384296,guarani_orion
"370","3",370,"3.21","big","A",NA,NA,NA,guarani_orion
"371","8",371,"8.21","medium","C",95537807,63450523,277502560,guarani_orion
"372","10",372,"10.21","small","D",569757,148899,3223400,guarani_orion
"373","5",373,"5.21","medium","B",97825884,61888536,553416808,guarani_orion
"374","18",374,"18.21","big","F",765211943,482464102,269839192,guarani_orion
"375","13",375,"13.21","small","E",737987,167649,2461384,guarani_orion
"376","14",376,"14.21","medium","E",91135929,60723258,71003688,guarani_orion
"377","6",377,"6.21","big","B",NA,NA,NA,guarani_orion
"378","1",378,"1.21","small","A",496204,164624,4259984,guarani_orion
"379","5",379,"5.22","medium","B",97620988,61911923,553416808,guarani_orion
"380","4",380,"4.22","small","B",530263,142493,3679016,guarani_orion
"381","18",381,"18.22","big","F",761977234,479241485,269839376,guarani_orion
"382","2",382,"2.22","medium","A",101006424,63910125,1086384480,guarani_orion
"383","12",383,"12.22","big","D",802681902,491584876,1070150800,guarani_orion
"384","9",384,"9.22","big","C",821988313,481896573,2140641200,guarani_orion
"385","7",385,"7.22","small","C",565943,145975,3384336,guarani_orion
"386","16",386,"16.22","small","F",878534,211876,3114600,guarani_orion
"387","14",387,"14.22","medium","E",92583962,61565378,71003784,guarani_orion
"388","17",388,"17.22","medium","F",90714295,59949939,36805648,guarani_orion
"389","15",389,"15.22","big","E",773292267,478736513,538095504,guarani_orion
"390","10",390,"10.22","small","D",618882,166254,3223216,guarani_orion
"391","6",391,"6.22","big","B",NA,NA,NA,guarani_orion
"392","3",392,"3.22","big","A",NA,NA,NA,guarani_orion
"393","8",393,"8.22","medium","C",96746532,64699233,277502560,guarani_orion
"394","1",394,"1.22","small","A",504921,166609,4259984,guarani_orion
"395","11",395,"11.22","medium","D",95343069,61665261,139769800,guarani_orion
"396","13",396,"13.22","small","E",650914,155773,4787736,guarani_orion
"397","14",397,"14.23","medium","E",91243897,60829562,71003600,guarani_orion
"398","3",398,"3.23","big","A",NA,NA,NA,guarani_orion
"399","8",399,"8.23","medium","C",94735811,63018534,277502744,guarani_orion
"400","1",400,"1.23","small","A",479909,149437,4260168,guarani_orion
"401","4",401,"4.23","small","B",596342,177948,3679200,guarani_orion
"402","12",402,"12.23","big","D",792219525,479569614,1070150984,guarani_orion
"403","16",403,"16.23","small","F",891927,235867,3114600,guarani_orion
"404","7",404,"7.23","small","C",567110,166642,3384152,guarani_orion
"405","6",405,"6.23","big","B",NA,NA,NA,guarani_orion
"406","9",406,"9.23","big","C",838214998,502099174,2140641200,guarani_orion
"407","18",407,"18.23","big","F",766330112,486394597,269839376,guarani_orion
"408","5",408,"5.23","medium","B",98420321,62507275,553416992,guarani_orion
"409","15",409,"15.23","big","E",785963317,491507393,538095504,guarani_orion
"410","2",410,"2.23","medium","A",99281381,61765869,1086384480,guarani_orion
"411","13",411,"13.23","small","E",641117,163696,3152040,guarani_orion
"412","17",412,"17.23","medium","F",93093673,62290004,36805648,guarani_orion
"413","11",413,"11.23","medium","D",95687904,62002715,139769800,guarani_orion
"414","10",414,"10.23","small","D",606344,175284,3223360,guarani_orion
"415","3",415,"3.24","big","A",NA,NA,NA,guarani_orion
"416","14",416,"14.24","medium","E",92425618,61579688,71003600,guarani_orion
"417","16",417,"16.24","small","F",891123,243739,3114600,guarani_orion
"418","17",418,"17.24","medium","F",92296581,61645647,36805648,guarani_orion
"419","8",419,"8.24","medium","C",96683477,63960788,277502560,guarani_orion
"420","18",420,"18.24","big","F",766661806,484466063,269839192,guarani_orion
"421","5",421,"5.24","medium","B",98332971,62312622,553416808,guarani_orion
"422","6",422,"6.24","big","B",NA,NA,NA,guarani_orion
"423","9",423,"9.24","big","C",827011188,490788594,2140641200,guarani_orion
"424","2",424,"2.24","medium","A",99907807,62528327,1086384384,guarani_orion
"425","4",425,"4.24","small","B",555107,167067,3679200,guarani_orion
"426","15",426,"15.24","big","E",778103362,483506318,538095504,guarani_orion
"427","1",427,"1.24","small","A",493767,156484,4260168,guarani_orion
"428","7",428,"7.24","small","C",562391,163696,3384336,guarani_orion
"429","13",429,"13.24","small","E",653796,180240,3151944,guarani_orion
"430","12",430,"12.24","big","D",795312634,484317152,1070150984,guarani_orion
"431","10",431,"10.24","small","D",577353,160398,3223216,guarani_orion
"432","11",432,"11.24","medium","D",96236838,62532677,139769800,guarani_orion
"433","13",433,"13.25","small","E",672158,178586,3152040,guarani_orion
"434","4",434,"4.25","small","B",539603,147718,3679016,guarani_orion
"435","3",435,"3.25","big","A",NA,NA,NA,guarani_orion
"436","9",436,"9.25","big","C",825086643,488604648,2140641384,guarani_orion
"437","11",437,"11.25","medium","D",96180988,62681634,139769800,guarani_orion
"438","8",438,"8.25","medium","C",94368765,62222455,277502744,guarani_orion
"439","7",439,"7.25","small","C",538617,139404,3384336,guarani_orion
"440","1",440,"1.25","small","A",496066,161197,4259984,guarani_orion
"441","14",441,"14.25","medium","E",92971470,62274499,71003600,guarani_orion
"442","15",442,"15.25","big","E",774137754,480241121,538095320,guarani_orion
"443","16",443,"16.25","small","F",868822,200434,3114784,guarani_orion
"444","17",444,"17.25","medium","F",91451602,60571695,36805648,guarani_orion
"445","6",445,"6.25","big","B",NA,NA,NA,guarani_orion
"446","10",446,"10.25","small","D",563929,155104,3223216,guarani_orion
"447","18",447,"18.25","big","F",768202175,485196813,269839376,guarani_orion
"448","12",448,"12.25","big","D",795222564,482550601,1070150984,guarani_orion
"449","5",449,"5.25","medium","B",99927504,63871041,553416992,guarani_orion
"450","2",450,"2.25","medium","A",99609310,62211245,1086384296,guarani_orion
"451","7",451,"7.26","small","C",548973,156721,3384240,guarani_orion
"452","11",452,"11.26","medium","D",97131506,63219948,139769800,guarani_orion
"453","6",453,"6.26","big","B",NA,NA,NA,guarani_orion
"454","15",454,"15.26","big","E",779008280,486332614,538095504,guarani_orion
"455","8",455,"8.26","medium","C",94242395,62379535,277502560,guarani_orion
"456","4",456,"4.26","small","B",509793,140175,3679200,guarani_orion
"457","14",457,"14.26","medium","E",93050397,62747040,71003512,guarani_orion
"458","16",458,"16.26","small","F",976618,220271,2420928,guarani_orion
"459","1",459,"1.26","small","A",511219,157127,4259984,guarani_orion
"460","10",460,"10.26","small","D",562795,153775,3223216,guarani_orion
"461","18",461,"18.26","big","F",765484893,479677802,269839192,guarani_orion
"462","5",462,"5.26","medium","B",98182287,62225468,553416992,guarani_orion
"463","2",463,"2.26","medium","A",100077869,62879983,1086384480,guarani_orion
"464","12",464,"12.26","big","D",797350005,488948844,1070150984,guarani_orion
"465","9",465,"9.26","big","C",819965627,483136112,2140641200,guarani_orion
"466","13",466,"13.26","small","E",700379,171587,3151816,guarani_orion
"467","3",467,"3.26","big","A",NA,NA,NA,guarani_orion
"468","17",468,"17.26","medium","F",92531030,61618574,36805736,guarani_orion
"469","15",469,"15.27","big","E",775303241,483810794,538095320,guarani_orion
"470","6",470,"6.27","big","B",NA,NA,NA,guarani_orion
"471","4",471,"4.27","small","B",546795,161964,3679112,guarani_orion
"472","9",472,"9.27","big","C",815342032,478032457,2140641200,guarani_orion
"473","14",473,"14.27","medium","E",92872633,62327735,71003600,guarani_orion
"474","10",474,"10.27","small","D",579869,161021,3223216,guarani_orion
"475","3",475,"3.27","big","A",NA,NA,NA,guarani_orion
"476","18",476,"18.27","big","F",780685365,498724298,269839192,guarani_orion
"477","17",477,"17.27","medium","F",91095627,60191884,36805648,guarani_orion
"478","2",478,"2.27","medium","A",100884842,63127466,1086384480,guarani_orion
"479","7",479,"7.27","small","C",543507,147002,3384152,guarani_orion
"480","5",480,"5.27","medium","B",97428751,61138590,553416808,guarani_orion
"481","11",481,"11.27","medium","D",96859268,62650666,139769800,guarani_orion
"482","12",482,"12.27","big","D",791662217,482064561,1070150984,guarani_orion
"483","8",483,"8.27","medium","C",93739641,61815878,277502560,guarani_orion
"484","1",484,"1.27","small","A",503482,169119,4260168,guarani_orion
"485","13",485,"13.27","small","E",663571,182588,3152040,guarani_orion
"486","16",486,"16.27","small","F",890240,229109,3114784,guarani_orion
"487","2",487,"2.28","medium","A",100103423,62612482,1086384480,guarani_orion
"488","7",488,"7.28","small","C",568911,145033,3384152,guarani_orion
"489","10",489,"10.28","small","D",592529,169127,2959112,guarani_orion
"490","8",490,"8.28","medium","C",94933125,62582705,277502744,guarani_orion
"491","9",491,"9.28","big","C",819885598,480039046,2140641200,guarani_orion
"492","11",492,"11.28","medium","D",96147973,62537607,139769984,guarani_orion
"493","3",493,"3.28","big","A",NA,NA,NA,guarani_orion
"494","12",494,"12.28","big","D",794220456,484349931,1070150888,guarani_orion
"495","5",495,"5.28","medium","B",97454467,61913937,553416992,guarani_orion
"496","4",496,"4.28","small","B",535267,144442,3679016,guarani_orion
"497","16",497,"16.28","small","F",879526,230735,3114600,guarani_orion
"498","14",498,"14.28","medium","E",92679386,61938505,71003784,guarani_orion
"499","13",499,"13.28","small","E",634777,157897,3151816,guarani_orion
"500","1",500,"1.28","small","A",515796,162593,4260168,guarani_orion
"501","18",501,"18.28","big","F",759456127,477964408,269839192,guarani_orion
"502","15",502,"15.28","big","E",771819854,480512060,538095320,guarani_orion
"503","17",503,"17.28","medium","F",91250071,60344899,36805648,guarani_orion
"504","6",504,"6.28","big","B",NA,NA,NA,guarani_orion
"505","16",505,"16.29","small","F",838832,195748,3114600,guarani_orion
"506","15",506,"15.29","big","E",771838446,479272366,538095320,guarani_orion
"507","12",507,"12.29","big","D",801125806,491699326,1070150800,guarani_orion
"508","8",508,"8.29","medium","C",94151927,62104344,277502560,guarani_orion
"509","7",509,"7.29","small","C",591073,163199,3384152,guarani_orion
"510","5",510,"5.29","medium","B",99483793,63637007,553416992,guarani_orion
"511","18",511,"18.29","big","F",762829825,479102563,269839280,guarani_orion
"512","1",512,"1.29","small","A",481097,149339,4260168,guarani_orion
"513","3",513,"3.29","big","A",NA,NA,NA,guarani_orion
"514","17",514,"17.29","medium","F",92098557,61568366,36805736,guarani_orion
"515","11",515,"11.29","medium","D",97334869,63549462,139769888,guarani_orion
"516","6",516,"6.29","big","B",NA,NA,NA,guarani_orion
"517","4",517,"4.29","small","B",540511,157819,3679016,guarani_orion
"518","2",518,"2.29","medium","A",99444821,61584376,1086384296,guarani_orion
"519","10",519,"10.29","small","D",579348,160046,3223360,guarani_orion
"520","13",520,"13.29","small","E",647396,170272,3151856,guarani_orion
"521","14",521,"14.29","medium","E",92227546,61787277,71003784,guarani_orion
"522","9",522,"9.29","big","C",824994663,489218468,2140641200,guarani_orion
"523","13",523,"13.30","small","E",635981,155951,3152040,guarani_orion
"524","4",524,"4.30","small","B",536181,144857,3679104,guarani_orion
"525","6",525,"6.30","big","B",NA,NA,NA,guarani_orion
"526","5",526,"5.30","medium","B",98320415,62316208,553416992,guarani_orion
"527","18",527,"18.30","big","F",767135241,484589409,269839192,guarani_orion
"528","2",528,"2.30","medium","A",98913881,62051332,1086384384,guarani_orion
"529","8",529,"8.30","medium","C",93738015,61546712,277502744,guarani_orion
"530","17",530,"17.30","medium","F",91784916,61269275,36805648,guarani_orion
"531","12",531,"12.30","big","D",791819430,480366675,1070150984,guarani_orion
"532","1",532,"1.30","small","A",522504,190654,4259984,guarani_orion
"533","3",533,"3.30","big","A",NA,NA,NA,guarani_orion
"534","15",534,"15.30","big","E",780891603,487058209,538095320,guarani_orion
"535","10",535,"10.30","small","D",580229,158680,3223400,guarani_orion
"536","14",536,"14.30","medium","E",93721711,63351592,71003784,guarani_orion
"537","9",537,"9.30","big","C",820661685,480040188,2140641200,guarani_orion
"538","7",538,"7.30","small","C",561304,147473,3384152,guarani_orion
"539","16",539,"16.30","small","F",849618,206181,3114600,guarani_orion
"540","11",540,"11.30","medium","D",97053255,63240205,139769800,guarani_orion

==> results/batch_size/bateria03_orion1_batch.csv <==
"1","7",1,"7.1","small","D",983336,202030,3222720,orion1
"2","15",2,"15.1","big","F",950015134,401292651,269839752,orion1
"3","4",3,"4.1","small","C",872588,227659,3383752,orion1
"4","10",4,"10.1","small","E",1231774,256816,3151360,orion1
"5","13",5,"13.1","small","F",1633785,285011,3114128,orion1
"6","11",6,"11.1","medium","E",93070116,52138141,71003408,orion1
"7","9",7,"9.1","big","D",1024033211,395973475,1070151392,orion1
"8","2",8,"2.1","medium","B",107111605,52805283,553417376,orion1
"9","12",9,"12.1","big","E",1002442701,396415515,538095888,orion1
"10","14",10,"14.1","medium","F",110124960,51425899,36805552,orion1
"11","6",11,"6.1","big","C",1062619386,393623046,2140641768,orion1
"12","5",12,"5.1","medium","C",111805318,52575751,277503320,orion1
"13","8",13,"8.1","medium","D",117090233,53219693,139769608,orion1
"14","1",14,"1.1","small","B",749986,175000,3678520,orion1
"15","3",15,"3.1","big","B",1105274623,394107681,4284406360,orion1
"16","10",16,"10.2","small","E",1206140,235015,3151360,orion1
"17","8",17,"8.2","medium","D",116522255,52512523,139770560,orion1
"18","12",18,"12.2","big","E",994773311,400020274,538095888,orion1
"19","2",19,"2.2","medium","B",106544296,50981910,553417376,orion1
"20","3",20,"3.2","big","B",1107992675,391633533,4284406360,orion1
"21","9",21,"9.2","big","D",1015397787,387708293,1070151392,orion1
"22","1",22,"1.2","small","B",731653,163944,3678704,orion1
"23","4",23,"4.2","small","C",816415,180081,3383752,orion1
"24","6",24,"6.2","big","C",1053767656,388719430,2140641864,orion1
"25","5",25,"5.2","medium","C",111076363,51995526,277503160,orion1
"26","11",26,"11.2","medium","E",92005813,50903895,71003408,orion1
"27","14",27,"14.2","medium","F",107867200,49882922,36805456,orion1
"28","13",28,"13.2","small","F",1717867,286690,3114208,orion1
"29","7",29,"7.2","small","D",1030447,231119,3222816,orion1
"30","15",30,"15.2","big","F",947404127,394193153,269839752,orion1
"31","11",31,"11.3","medium","E",107394642,50687761,71003408,orion1
"32","3",32,"3.3","big","B",1093514578,390339680,4284406288,orion1
"33","12",33,"12.3","big","E",1007406357,406924739,538095888,orion1
"34","1",34,"1.3","small","B",732445,165155,3678520,orion1
"35","13",35,"13.3","small","F",1668807,276416,3114112,orion1
"36","5",36,"5.3","medium","C",112804974,53828166,277503136,orion1
"37","2",37,"2.3","medium","B",110047257,54915452,553417376,orion1
"38","6",38,"6.3","big","C",1067095773,402131805,2140641784,orion1
"39","9",39,"9.3","big","D",1037701027,402531059,1070151368,orion1
"40","14",40,"14.3","medium","F",110876909,52105798,36805480,orion1
"41","8",41,"8.3","medium","D",117779738,53263988,139769608,orion1
"42","4",42,"4.3","small","C",837441,192500,3383752,orion1
"43","10",43,"10.3","small","E",1236264,262079,3151544,orion1
"44","7",44,"7.3","small","D",979750,189807,3222744,orion1
"45","15",45,"15.3","big","F",948853875,398085167,269839752,orion1
"46","6",46,"6.4","big","C",1062602776,398218083,2140641792,orion1
"47","9",47,"9.4","big","D",1030834772,397486339,1070151368,orion1
"48","3",48,"3.4","big","B",1111977512,397873756,4284406288,orion1
"49","8",49,"8.4","medium","D",119542391,53637678,139769608,orion1
"50","15",50,"15.4","big","F",938889825,395749957,269839776,orion1
"51","4",51,"4.4","small","C",858739,202696,3383672,orion1
"52","7",52,"7.4","small","D",1000517,230107,3222720,orion1
"53","11",53,"11.4","medium","E",93223473,52232887,71003408,orion1
"54","13",54,"13.4","small","F",1699620,317246,3114296,orion1
"55","5",55,"5.4","medium","C",110557110,52036860,277503152,orion1
"56","1",56,"1.4","small","B",718106,165618,3678520,orion1
"57","2",57,"2.4","medium","B",98759284,51893586,553417400,orion1
"58","14",58,"14.4","medium","F",109879575,50641691,36805456,orion1
"59","10",59,"10.4","small","E",1270142,319482,3151360,orion1
"60","12",60,"12.4","big","E",997285140,394357634,538095984,orion1
"61","6",61,"6.5","big","C",1067446261,396751362,2140641800,orion1
"62","2",62,"2.5","medium","B",108203928,52633166,553417376,orion1
"63","12",63,"12.5","big","E",988016025,395371391,538095904,orion1
"64","10",64,"10.5","small","E",1242523,270162,3151360,orion1
"65","9",65,"9.5","big","D",1027404874,393650091,1070151368,orion1
"66","7",66,"7.5","small","D",966147,207445,3222720,orion1
"67","11",67,"11.5","medium","E",91966360,51138884,71003408,orion1
"68","8",68,"8.5","medium","D",116879511,52739975,139769792,orion1
"69","1",69,"1.5","small","B",769779,188777,3678520,orion1
"70","5",70,"5.5","medium","C",110159287,51901245,277503152,orion1
"71","14",71,"14.5","medium","F",108818107,51270317,36806240,orion1
"72","3",72,"3.5","big","B",1105743923,393149344,4284406448,orion1
"73","13",73,"13.5","small","F",1717720,283751,3114216,orion1
"74","4",74,"4.5","small","C",911066,194359,3383656,orion1
"75","15",75,"15.5","big","F",948487563,395241445,269839752,orion1
"76","13",76,"13.6","small","F",1647699,297072,3114208,orion1
"77","8",77,"8.6","medium","D",116912045,51862670,139769608,orion1
"78","2",78,"2.6","medium","B",108883264,53305468,553417560,orion1
"79","9",79,"9.6","big","D",1024678925,394703481,1070151480,orion1
"80","6",80,"6.6","big","C",1060315885,394898102,2140641768,orion1
"81","7",81,"7.6","small","D",959780,211194,3222904,orion1
"82","3",82,"3.6","big","B",1105661299,395227326,4284406376,orion1
"83","4",83,"4.6","small","C",859091,212523,3383840,orion1
"84","14",84,"14.6","medium","F",109696439,51089073,36805456,orion1
"85","1",85,"1.6","small","B",794292,210335,3678520,orion1
"86","15",86,"15.6","big","F",940575881,395302153,269839752,orion1
"87","12",87,"12.6","big","E",991862426,394841299,538095984,orion1
"88","5",88,"5.6","medium","C",112334123,52379944,277503136,orion1
"89","10",89,"10.6","small","E",1274132,256319,3151360,orion1
"90","11",90,"11.6","medium","E",108103729,51699714,71003504,orion1
"91","10",91,"10.7","small","E",1225031,258701,3151360,orion1
"92","6",92,"6.7","big","C",1063657197,396157299,2140641792,orion1
"93","15",93,"15.7","big","F",951814415,401916177,269839752,orion1
"94","9",94,"9.7","big","D",1027608693,399285296,1070151464,orion1
"95","13",95,"13.7","small","F",1683592,300142,3114112,orion1
"96","7",96,"7.7","small","D",987705,218205,3222720,orion1
"97","11",97,"11.7","medium","E",95428647,53348995,71003432,orion1
"98","4",98,"4.7","small","C",832544,187339,3383656,orion1
"99","14",99,"14.7","medium","F",110794482,51231215,36806240,orion1
"100","2",100,"2.7","medium","B",104926761,52256819,553417560,orion1
"101","12",101,"12.7","big","E",993511159,397591665,538095912,orion1
"102","8",102,"8.7","medium","D",117374534,52760330,139770400,orion1
"103","1",103,"1.7","small","B",757756,168979,3678616,orion1
"104","5",104,"5.7","medium","C",110973080,51834460,277503136,orion1
"105","3",105,"3.7","big","B",1107906691,397427195,4284406296,orion1
"106","5",106,"5.8","medium","C",111416839,52366861,277503080,orion1
"107","13",107,"13.8","small","F",1720769,328854,3114208,orion1
"108","14",108,"14.8","medium","F",110648812,51614147,36805480,orion1
"109","4",109,"4.8","small","C",867816,184646,3383848,orion1
"110","3",110,"3.8","big","B",1101796811,391149671,4284406264,orion1
"111","1",111,"1.8","small","B",764971,181671,3678704,orion1
"112","10",112,"10.8","small","E",1167599,225667,3151552,orion1
"113","12",113,"12.8","big","E",1002600023,400476230,538095888,orion1
"114","8",114,"8.8","medium","D",116224465,52551582,139769608,orion1
"115","15",115,"15.8","big","F",944478640,393417892,269839752,orion1
"116","11",116,"11.8","medium","E",93547785,52375223,71003408,orion1
"117","9",117,"9.8","big","D",1026786872,396023725,1070151392,orion1
"118","2",118,"2.8","medium","B",108506225,52374516,553417384,orion1
"119","7",119,"7.8","small","D",982176,203941,3222728,orion1
"120","6",120,"6.8","big","C",1069459991,397860858,2140641784,orion1
"121","12",121,"12.9","big","E",1001032250,401105101,538095888,orion1
"122","13",122,"13.9","small","F",1697092,284126,3114296,orion1
"123","5",123,"5.9","medium","C",109917125,51707076,277503136,orion1
"124","2",124,"2.9","medium","B",104638797,52075064,553417400,orion1
"125","3",125,"3.9","big","B",1119436628,394893100,4284406360,orion1
"126","9",126,"9.9","big","D",1028622662,395633253,1070151368,orion1
"127","14",127,"14.9","medium","F",108756893,51183442,36805456,orion1
"128","6",128,"6.9","big","C",1053692872,396232468,2140641768,orion1
"129","15",129,"15.9","big","F",944742119,399070319,269839752,orion1
"130","1",130,"1.9","small","B",780314,172547,3678520,orion1
"131","8",131,"8.9","medium","D",116627296,52184529,139770400,orion1
"132","11",132,"11.9","medium","E",108653623,51768022,71003408,orion1
"133","7",133,"7.9","small","D",977117,213093,3222728,orion1
"134","10",134,"10.9","small","E",1205182,250325,3151464,orion1
"135","4",135,"4.9","small","C",849872,182397,3383664,orion1
"136","12",136,"12.10","big","E",999146142,397031348,538095888,orion1
"137","6",137,"6.10","big","C",1057454913,396984848,2140641768,orion1
"138","7",138,"7.10","small","D",1062228,238553,3222728,orion1
"139","4",139,"4.10","small","C",906338,241128,3383752,orion1
"140","5",140,"5.10","medium","C",112185135,52693018,277503136,orion1
"141","2",141,"2.10","medium","B",105305218,52584899,553417384,orion1
"142","9",142,"9.10","big","D",1023323230,395082839,1070151368,orion1
"143","1",143,"1.10","small","B",757962,169115,3678520,orion1
"144","13",144,"13.10","small","F",1764787,293150,3114208,orion1
"145","10",145,"10.10","small","E",1221160,248129,3151368,orion1
"146","3",146,"3.10","big","B",1113922866,402773182,4284406296,orion1
"147","8",147,"8.10","medium","D",117061729,52991350,139769608,orion1
"148","15",148,"15.10","big","F",947272181,397231183,269839752,orion1
"149","14",149,"14.10","medium","F",109347595,51114198,36805456,orion1
"150","11",150,"11.10","medium","E",91159259,50915112,71004208,orion1

==> results/batch_size/ultimabat_luiza_batch.csv <==
"1","8",1,"8.1","medium","C",89369036,55239663,277594016,luiza
"2","18",2,"18.1","big","F",714793725,421264889,269931248,luiza
"3","5",3,"5.1","medium","B",93653434,54465963,554541464,luiza
"4","12",4,"12.1","big","D",734476884,423179539,1070243352,luiza
"5","16",5,"16.1","small","F",768168,159820,3217560,luiza
"6","6",6,"6.1","big","B",NA,NA,NA,luiza
"7","15",7,"15.1","big","E",718769456,422182573,538188368,luiza
"8","3",8,"3.1","big","A",NA,NA,NA,luiza
"9","13",9,"13.1","small","E",593764,129645,3254880,luiza
"10","10",10,"10.1","small","D",518362,117416,3325904,luiza
"11","7",11,"7.1","small","C",472784,116473,3487168,luiza
"12","17",12,"17.1","medium","F",82820644,54743672,37725336,luiza
"13","4",13,"4.1","small","B",454473,103860,3782128,luiza
"14","11",14,"11.1","medium","D",87507557,54526353,139863008,luiza
"15","14",15,"14.1","medium","E",86114405,54524903,71096224,luiza
"16","2",16,"2.1","medium","A",93644735,54489808,1086475504,luiza
"17","9",17,"9.1","big","C",774350766,422852654,2140734440,luiza
"18","1",18,"1.1","small","A",445859,120209,4362928,luiza
"19","3",19,"3.2","big","A",NA,NA,NA,luiza
"20","5",20,"5.2","medium","B",93265068,54492307,554540760,luiza
"21","14",21,"14.2","medium","E",87012917,54706815,71095664,luiza
"22","1",22,"1.2","small","A",451970,123846,4362928,luiza
"23","6",23,"6.2","big","B",NA,NA,NA,luiza
"24","10",24,"10.2","small","D",520322,112097,3325904,luiza
"25","13",25,"13.2","small","E",599566,127983,3254696,luiza
"26","17",26,"17.2","medium","F",82100616,54228085,37726912,luiza
"27","12",27,"12.2","big","D",731531788,419905661,1070243352,luiza
"28","16",28,"16.2","small","F",758408,147761,3217736,luiza
"29","7",29,"7.2","small","C",465059,109494,3487176,luiza
"30","11",30,"11.2","medium","D",87155233,53964965,139864864,luiza
"31","8",31,"8.2","medium","C",88989356,54686100,277593928,luiza
"32","15",32,"15.2","big","E",716476875,418764757,538187984,luiza
"33","4",33,"4.2","small","B",454067,108586,3782128,luiza
"34","9",34,"9.2","big","C",772329980,419216870,2140735456,luiza
"35","18",35,"18.2","big","F",709488826,420517768,269931480,luiza
"36","2",36,"2.2","medium","A",93930397,54576219,1086476120,luiza
"37","3",37,"3.3","big","A",NA,NA,NA,luiza
"38","11",38,"11.3","medium","D",87955104,54577764,139862336,luiza
"39","5",39,"5.3","medium","B",93273219,54488652,554540344,luiza
"40","6",40,"6.3","big","B",NA,NA,NA,luiza
"41","7",41,"7.3","small","C",463286,104380,3487088,luiza
"42","17",42,"17.3","medium","F",82180796,54307235,37724232,luiza
"43","12",43,"12.3","big","D",732550279,419189862,1070243264,luiza
"44","10",44,"10.3","small","D",526734,120270,3326088,luiza
"45","14",45,"14.3","medium","E",86005344,54062745,71095840,luiza
"46","4",46,"4.3","small","B",458346,109560,3782128,luiza
"47","16",47,"16.3","small","F",784178,154652,3217736,luiza
"48","2",48,"2.3","medium","A",93474605,54304986,1086475512,luiza
"49","9",49,"9.3","big","C",767287592,420391394,2140734112,luiza
"50","18",50,"18.3","big","F",710297448,420629359,269931880,luiza
"51","13",51,"13.3","small","E",606809,130864,3254696,luiza
"52","8",52,"8.3","medium","C",88057313,54149074,277596624,luiza
"53","15",53,"15.3","big","E",716508357,418622020,538191720,luiza
"54","1",54,"1.3","small","A",456516,126605,4362928,luiza
"55","14",55,"14.4","medium","E",86226840,54560237,71097784,luiza
"56","1",56,"1.4","small","A",452359,123253,4362744,luiza
"57","5",57,"5.4","medium","B",93232186,54105339,554540432,luiza
"58","12",58,"12.4","big","D",739514579,422479534,1070245384,luiza
"59","15",59,"15.4","big","E",717495719,419818326,538188656,luiza
"60","2",60,"2.4","medium","A",93567284,54013986,1086475496,luiza
"61","16",61,"16.4","small","F",753168,155534,3217744,luiza
"62","13",62,"13.4","small","E",599683,128134,3254880,luiza
"63","9",63,"9.4","big","C",772202842,421414294,2140732872,luiza
"64","8",64,"8.4","medium","C",88392953,54309541,277594720,luiza
"65","7",65,"7.4","small","C",482892,123530,3487176,luiza
"66","18",66,"18.4","big","F",711178490,419655425,269931488,luiza
"67","6",67,"6.4","big","B",NA,NA,NA,luiza
"68","10",68,"10.4","small","D",516150,116642,3326080,luiza
"69","17",69,"17.4","medium","F",82529543,54835142,37723528,luiza
"70","3",70,"3.4","big","A",NA,NA,NA,luiza
"71","4",71,"4.4","small","B",444284,104959,3782040,luiza
"72","11",72,"11.4","medium","D",88120019,54091569,139863112,luiza
"73","6",73,"6.5","big","B",NA,NA,NA,luiza
"74","9",74,"9.5","big","C",780935612,423928488,2140732648,luiza
"75","10",75,"10.5","small","D",513378,116661,3325904,luiza
"76","13",76,"13.5","small","E",601939,126780,3254880,luiza
"77","8",77,"8.5","medium","C",88721506,54806425,277596752,luiza
"78","2",78,"2.5","medium","A",93420082,54209747,1086477240,luiza
"79","17",79,"17.5","medium","F",82940804,55049338,37724280,luiza
"80","18",80,"18.5","big","F",709214784,421631869,269931416,luiza
"81","7",81,"7.5","small","C",467825,108286,3487176,luiza
"82","3",82,"3.5","big","A",,heap,,luiza
"83","4",83,"4.5","small","B",448106,106033,3782120,luiza
"84","14",84,"14.5","medium","E",86475133,54685215,71095936,luiza
"85","1",85,"1.5","small","A",450193,118621,4362928,luiza
"86","15",86,"15.5","big","E",716746443,420609049,538189584,luiza
"87","12",87,"12.5","big","D",727408013,415761827,1070242856,luiza
"88","5",88,"5.5","medium","B",93390272,54318717,554540432,luiza
"89","16",89,"16.5","small","F",832936,211453,3217744,luiza
"90","11",90,"11.5","medium","D",87272673,54236459,139864000,luiza
"91","12",91,"12.6","big","D",733080407,420407416,1070246224,luiza
"92","8",92,"8.6","medium","C",88615694,54474459,277593776,luiza
"93","18",93,"18.6","big","F",709253363,418178585,269931736,luiza
"94","11",94,"11.6","medium","D",87998368,54286520,139863592,luiza
"95","16",95,"16.6","small","F",763030,153825,3217560,luiza
"96","17",96,"17.6","medium","F",82347232,54473269,37723672,luiza
"97","9",97,"9.6","big","C",773501362,422774030,2140732408,luiza
"98","5",98,"5.6","medium","B",93076651,53924959,554541072,luiza
"99","13",99,"13.6","small","E",594905,126238,3254880,luiza
"100","3",100,"3.6","big","A",NA,NA,NA,luiza
"101","4",101,"4.6","small","B",452822,106297,3782128,luiza
"102","7",102,"7.6","small","C",467110,110403,3487168,luiza
"103","2",103,"2.6","medium","A",94377373,54739327,1086479224,luiza
"104","15",104,"15.6","big","E",722691728,424792599,538187624,luiza
"105","6",105,"6.6","big","B",NA,NA,NA,luiza
"106","1",106,"1.6","small","A",439952,116947,4362920,luiza
"107","10",107,"10.6","small","D",502693,113031,3325904,luiza
"108","14",108,"14.6","medium","E",85937009,53999094,71098104,luiza
"109","6",109,"6.7","big","B",NA,NA,NA,luiza
"110","4",110,"4.7","small","B",452020,109820,3782040,luiza
"111","1",111,"1.7","small","A",440645,115618,4362928,luiza
"112","2",112,"2.7","medium","A",94308726,54817596,1086475816,luiza
"113","7",113,"7.7","small","C",473381,106973,3487176,luiza
"114","18",114,"18.7","big","F",712711069,423887840,269931624,luiza
"115","10",115,"10.7","small","D",514309,118240,3325904,luiza
"116","5",116,"5.7","medium","B",93164958,54587016,554540912,luiza
"117","16",117,"16.7","small","F",766493,161022,3217736,luiza
"118","17",118,"17.7","medium","F",82402666,54715628,37727040,luiza
"119","15",119,"15.7","big","E",724474080,423399961,538189136,luiza
"120","12",120,"12.7","big","D",737197680,422943043,1070243024,luiza
"121","11",121,"11.7","medium","D",87894915,54414736,139861864,luiza
"122","13",122,"13.7","small","E",601075,129853,3254696,luiza
"123","8",123,"8.7","medium","C",88495980,54357813,277593520,luiza
"124","14",124,"14.7","medium","E",86573009,55003259,71096744,luiza
"125","3",125,"3.7","big","A",NA,NA,NA,luiza
"126","9",126,"9.7","big","C",772108993,419476759,2140735152,luiza
"127","10",127,"10.8","small","D",514908,115460,3326088,luiza
"128","11",128,"11.8","medium","D",87750844,54428884,139862592,luiza
"129","5",129,"5.8","medium","B",93065102,54636802,554540800,luiza
"130","1",130,"1.8","small","A",449628,124672,4362920,luiza
"131","2",131,"2.8","medium","A",93904548,54411042,1086479344,luiza
"132","9",132,"9.8","big","C",772909443,420521362,2140732408,luiza
"133","7",133,"7.8","small","C",471028,110990,3487088,luiza
"134","14",134,"14.8","medium","E",85869281,54812418,71096328,luiza
"135","13",135,"13.8","small","E",598938,130632,3254880,luiza
"136","12",136,"12.8","big","D",732384393,419789408,1070243096,luiza
"137","4",137,"4.8","small","B",459471,113405,3782128,luiza
"138","8",138,"8.8","medium","C",87741008,54201580,277594064,luiza
"139","17",139,"17.8","medium","F",82934624,54585572,37726392,luiza
"140","3",140,"3.8","big","A",NA,NA,NA,luiza
"141","15",141,"15.8","big","E",720047184,422143998,538188392,luiza
"142","16",142,"16.8","small","F",766501,148575,3217736,luiza
"143","18",143,"18.8","big","F",711172937,423489472,269933600,luiza
"144","6",144,"6.8","big","B",NA,NA,NA,luiza
"145","4",145,"4.9","small","B",449808,102329,3781944,luiza
"146","8",146,"8.9","medium","C",88451904,54099726,277594168,luiza
"147","18",147,"18.9","big","F",707551889,417117250,269931736,luiza
"148","2",148,"2.9","medium","A",93548267,54253671,1086475496,luiza
"149","11",149,"11.9","medium","D",87064187,53874096,139862104,luiza
"150","12",150,"12.9","big","D",734630224,420107027,1070244840,luiza
"151","3",151,"3.9","big","A",NA,NA,NA,luiza
"152","10",152,"10.9","small","D",512378,111567,3325904,luiza
"153","14",153,"14.9","medium","E",85948283,54484828,71098384,luiza
"154","5",154,"5.9","medium","B",93550097,54844494,554541176,luiza
"155","17",155,"17.9","medium","F",82840964,54877431,37725160,luiza
"156","9",156,"9.9","big","C",772058484,422518740,2140732776,luiza
"157","15",157,"15.9","big","E",718238990,422759535,538189104,luiza
"158","13",158,"13.9","small","E",606443,122559,3254696,luiza
"159","6",159,"6.9","big","B",NA,NA,NA,luiza
"160","7",160,"7.9","small","C",468081,105929,3487176,luiza
"161","16",161,"16.9","small","F",779856,152617,3217744,luiza
"162","1",162,"1.9","small","A",441508,120105,4362744,luiza
"163","13",163,"13.10","small","E",599973,128046,3254880,luiza
"164","5",164,"5.10","medium","B",93064375,54635772,554540808,luiza
"165","3",165,"3.10","big","A",NA,NA,NA,luiza
"166","15",166,"15.10","big","E",722025400,423043217,538187624,luiza
"167","14",167,"14.10","medium","E",86540595,54846934,71099936,luiza
"168","17",168,"17.10","medium","F",82309380,54547612,37724280,luiza
"169","6",169,"6.10","big","B",NA,NA,NA,luiza
"170","7",170,"7.10","small","C",478505,113852,3487176,luiza
"171","12",171,"12.10","big","D",730982842,419878485,1070246640,luiza
"172","16",172,"16.10","small","F",778908,163701,3217656,luiza
"173","11",173,"11.10","medium","D",88035268,54178736,139862496,luiza
"174","2",174,"2.10","medium","A",94319504,54358942,1086475440,luiza
"175","1",175,"1.10","small","A",457887,128816,4362928,luiza
"176","10",176,"10.10","small","D",513196,114713,3326080,luiza
"177","9",177,"9.10","big","C",773489452,420087565,2140732408,luiza
"178","18",178,"18.10","big","F",711355664,420943465,269931656,luiza
"179","8",179,"8.10","medium","C",88683715,54678496,277594184,luiza
"180","4",180,"4.10","small","B",452596,104901,3781944,luiza
"181","3",181,"3.11","big","A",NA,NA,NA,luiza
"182","7",182,"7.11","small","C",466677,107078,3486992,luiza
"183","4",183,"4.11","small","B",448373,108187,3782120,luiza
"184","8",184,"8.11","medium","C",88813240,54355389,277594152,luiza
"185","5",185,"5.11","medium","B",92938655,54215536,554543952,luiza
"186","1",186,"1.11","small","A",453025,126351,4362744,luiza
"187","17",187,"17.11","medium","F",82522971,54804657,37725160,luiza
"188","9",188,"9.11","big","C",776363655,424646614,2140734496,luiza
"189","2",189,"2.11","medium","A",94327980,54656871,1086476520,luiza
"190","6",190,"6.11","big","B",NA,NA,NA,luiza
"191","12",191,"12.11","big","D",736734310,422296556,1070243720,luiza
"192","10",192,"10.11","small","D",512233,117659,3326088,luiza
"193","16",193,"16.11","small","F",761349,152012,3217560,luiza
"194","11",194,"11.11","medium","D",87499618,54062496,139862104,luiza
"195","13",195,"13.11","small","E",603186,130328,3254880,luiza
"196","15",196,"15.11","big","E",714781951,418837567,538189360,luiza
"197","18",197,"18.11","big","F",711406380,419258077,269934064,luiza
"198","14",198,"14.11","medium","E",85948591,54293100,71095848,luiza
"199","10",199,"10.12","small","D",517584,113559,3325904,luiza
"200","5",200,"5.12","medium","B",92675976,54160368,554540184,luiza
"201","13",201,"13.12","small","E",618380,145379,3254968,luiza
"202","7",202,"7.12","small","C",467566,104131,3486992,luiza
"203","4",203,"4.12","small","B",447179,110752,3781944,luiza
"204","8",204,"8.12","medium","C",87838463,54303361,277593864,luiza
"205","3",205,"3.12","big","A",NA,NA,NA,luiza
"206","11",206,"11.12","medium","D",87772561,54547303,139862104,luiza
"207","14",207,"14.12","medium","E",86353395,54261894,71095664,luiza
"208","12",208,"12.12","big","D",732689926,421649483,1070244000,luiza
"209","16",209,"16.12","small","F",764144,156063,3217736,luiza
"210","6",210,"6.12","big","B",NA,NA,NA,luiza
"211","2",211,"2.12","medium","A",93907298,54315850,1086476248,luiza
"212","9",212,"9.12","big","C",772699803,422437934,2140734424,luiza
"213","15",213,"15.12","big","E",715191847,417776362,538187560,luiza
"214","17",214,"17.12","medium","F",82482253,54457919,37723528,luiza
"215","18",215,"18.12","big","F",710736851,420502474,269931496,luiza
"216","1",216,"1.12","small","A",440471,113977,4362744,luiza
"217","13",217,"13.13","small","E",598789,126684,3254696,luiza
"218","14",218,"14.13","medium","E",86254509,54331066,71095904,luiza
"219","1",219,"1.13","small","A",457453,133241,4362744,luiza
"220","10",220,"10.13","small","D",512793,119064,3326088,luiza
"221","2",221,"2.13","medium","A",94176024,54225124,1086475504,luiza
"222","17",222,"17.13","medium","F",81629372,53806738,37723616,luiza
"223","16",223,"16.13","small","F",770952,162607,3217560,luiza
"224","4",224,"4.13","small","B",450653,108122,3781944,luiza
"225","7",225,"7.13","small","C",474279,118376,3487088,luiza
"226","6",226,"6.13","big","B",NA,NA,NA,luiza
"227","5",227,"5.13","medium","B",93707174,55205569,554540808,luiza
"228","18",228,"18.13","big","F",716335897,422745804,269931248,luiza
"229","12",229,"12.13","big","D",732813449,421800565,1070244008,luiza
"230","15",230,"15.13","big","E",718299047,422281704,538188248,luiza
"231","11",231,"11.13","medium","D",88058976,54964591,139862360,luiza
"232","9",232,"9.13","big","C",773038337,421981289,2140736024,luiza
"233","8",233,"8.13","medium","C",88205135,54628716,277593768,luiza
"234","3",234,"3.13","big","A",NA,NA,NA,luiza
"235","15",235,"15.14","big","E",718231529,422132279,538188024,luiza
"236","18",236,"18.14","big","F",712990485,420886920,269933168,luiza
"237","1",237,"1.14","small","A",455026,123615,4362744,luiza
"238","12",238,"12.14","big","D",734902461,420335328,1070243040,luiza
"239","3",239,"3.14","big","A",NA,NA,NA,luiza
"240","14",240,"14.14","medium","E",86100785,54577329,71096560,luiza
"241","7",241,"7.14","small","C",469617,111613,3487168,luiza
"242","16",242,"16.14","small","F",772772,162434,3217736,luiza
"243","17",243,"17.14","medium","F",83080249,54988378,37723688,luiza
"244","13",244,"13.14","small","E",599381,127974,3254968,luiza
"245","8",245,"8.14","medium","C",89675536,54485006,277597792,luiza
"246","2",246,"2.14","medium","A",93661840,54377697,1086476528,luiza
"247","11",247,"11.14","medium","D",87747656,54460009,139865816,luiza
"248","10",248,"10.14","small","D",535395,124198,3325904,luiza
"249","5",249,"5.14","medium","B",93295841,55001238,554540800,luiza
"250","9",250,"9.14","big","C",777940405,426224260,2140732152,luiza
"251","6",251,"6.14","big","B",NA,NA,NA,luiza
"252","4",252,"4.14","small","B",449277,106301,3781944,luiza
"253","2",253,"2.15","medium","A",94452702,54675707,1086475512,luiza
"254","6",254,"6.15","big","B",NA,NA,NA,luiza
"255","16",255,"16.15","small","F",765265,151898,3217744,luiza
"256","9",256,"9.15","big","C",775409965,424210990,2140732336,luiza
"257","11",257,"11.15","medium","D",87726198,54295417,139862240,luiza
"258","13",258,"13.15","small","E",607457,124724,3254880,luiza
"259","7",259,"7.15","small","C",475866,103985,3487176,luiza
"260","15",260,"15.15","big","E",722865256,424620424,538187632,luiza
"261","1",261,"1.15","small","A",456094,131261,4362744,luiza
"262","10",262,"10.15","small","D",522316,115589,3325904,luiza
"263","12",263,"12.15","big","D",739941946,426443855,1070244928,luiza
"264","3",264,"3.15","big","A",NA,NA,NA,luiza
"265","17",265,"17.15","medium","F",82171793,54594880,37724752,luiza
"266","4",266,"4.15","small","B",464982,111809,3782120,luiza
"267","5",267,"5.15","medium","B",93101407,54414325,554543344,luiza
"268","18",268,"18.15","big","F",710576469,418719582,269931496,luiza
"269","8",269,"8.15","medium","C",88092211,54305057,277594016,luiza
"270","14",270,"14.15","medium","E",85977881,54167510,71096088,luiza
"271","3",271,"3.16","big","A",NA,NA,NA,luiza
"272","14",272,"14.16","medium","E",86072765,54586233,71098472,luiza
"273","1",273,"1.16","small","A",455253,144340,4362928,luiza
"274","11",274,"11.16","medium","D",88216211,54864401,139862496,luiza
"275","7",275,"7.16","small","C",471814,111946,3486992,luiza
"276","6",276,"6.16","big","B",NA,NA,NA,luiza
"277","5",277,"5.16","medium","B",93010930,54446578,554540624,luiza
"278","15",278,"15.16","big","E",715854476,421114482,538188000,luiza
"279","18",279,"18.16","big","F",707739016,418596765,269931744,luiza
"280","13",280,"13.16","small","E",605607,132511,3254696,luiza
"281","12",281,"12.16","big","D",738110033,419199440,1070243344,luiza
"282","2",282,"2.16","medium","A",93394269,53944160,1086476368,luiza
"283","10",283,"10.16","small","D",522624,124855,3325904,luiza
"284","17",284,"17.16","medium","F",81629313,53980189,37723928,luiza
"285","4",285,"4.16","small","B",452561,102397,3781944,luiza
"286","16",286,"16.16","small","F",744989,143151,3217560,luiza
"287","8",287,"8.16","medium","C",87144495,53875124,277593896,luiza
"288","9",288,"9.16","big","C",770727673,419835682,2140732408,luiza
"289","12",289,"12.17","big","D",732531725,421656750,1070243232,luiza
"290","15",290,"15.17","big","E",715347999,420425850,538189600,luiza
"291","16",291,"16.17","small","F",777237,158049,3217560,luiza
"292","17",292,"17.17","medium","F",82130035,54453830,37725336,luiza
"293","4",293,"4.17","small","B",449373,101374,3781944,luiza
"294","3",294,"3.17","big","A",NA,NA,NA,luiza
"295","10",295,"10.17","small","D",512177,115040,3325904,luiza
"296","8",296,"8.17","medium","C",88184707,54315129,277593760,luiza
"297","6",297,"6.17","big","B",NA,NA,NA,luiza
"298","9",298,"9.17","big","C",769967527,420267438,2140732384,luiza
"299","5",299,"5.17","medium","B",92743841,54374609,554540432,luiza
"300","1",300,"1.17","small","A",452932,124359,4362840,luiza
"301","13",301,"13.17","small","E",595486,130678,3254696,luiza
"302","14",302,"14.17","medium","E",85729275,54098693,71095920,luiza
"303","18",303,"18.17","big","F",710487870,421906529,269931808,luiza
"304","11",304,"11.17","medium","D",86803200,53650134,139862040,luiza
"305","2",305,"2.17","medium","A",94125527,54379671,1086475632,luiza
"306","7",306,"7.17","small","C",466012,104565,3487168,luiza
"307","2",307,"2.18","medium","A",93706058,54434839,1086475440,luiza
"308","10",308,"10.18","small","D",507184,114294,3325904,luiza
"309","11",309,"11.18","medium","D",87265079,54263431,139864976,luiza
"310","15",310,"15.18","big","E",719802833,419247140,538187632,luiza
"311","8",311,"8.18","medium","C",88093425,54220830,277593688,luiza
"312","3",312,"3.18","big","A",NA,NA,NA,luiza
"313","7",313,"7.18","small","C",468102,106434,3487176,luiza
"314","18",314,"18.18","big","F",714787194,422449326,269931248,luiza
"315","14",315,"14.18","medium","E",86043574,54828482,71097976,luiza
"316","9",316,"9.18","big","C",774311807,423937562,2140732336,luiza
"317","1",317,"1.18","small","A",452848,126441,4362928,luiza
"318","13",318,"13.18","small","E",596748,137590,3254880,luiza
"319","6",319,"6.18","big","B",NA,NA,NA,luiza
"320","16",320,"16.18","small","F",754552,151023,3217560,luiza
"321","4",321,"4.18","small","B",452676,104238,3781944,luiza
"322","17",322,"17.18","medium","F",81906370,54060791,37723616,luiza
"323","5",323,"5.18","medium","B",92947409,54436757,554540176,luiza
"324","12",324,"12.18","big","D",737110911,420374659,1070244144,luiza
"325","8",325,"8.19","medium","C",88277570,54293389,277595856,luiza
"326","18",326,"18.19","big","F",710495328,418214586,269932032,luiza
"327","4",327,"4.19","small","B",450871,108221,3782128,luiza
"328","1",328,"1.19","small","A",457280,132279,4362928,luiza
"329","2",329,"2.19","medium","A",93754707,54526379,1086476928,luiza
"330","11",330,"11.19","medium","D",87744484,54311254,139863184,luiza
"331","13",331,"13.19","small","E",606060,126331,3254792,luiza
"332","15",332,"15.19","big","E",717887831,421890438,538189136,luiza
"333","12",333,"12.19","big","D",2593416717,2279554613,1070243696,luiza
"334","10",334,"10.19","small","D",515312,117735,3326000,luiza
"335","3",335,"3.19","big","A",NA,NA,NA,luiza
"336","17",336,"17.19","medium","F",82787039,54891382,37723928,luiza
"337","7",337,"7.19","small","C",467053,101357,3487176,luiza
"338","6",338,"6.19","big","B",NA,NA,NA,luiza
"339","9",339,"9.19","big","C",771931682,423446693,2140735584,luiza
"340","16",340,"16.19","small","F",778314,154369,3217736,luiza
"341","14",341,"14.19","medium","E",86021075,54301005,71099456,luiza
"342","5",342,"5.19","medium","B",93079591,53955513,554540736,luiza
"343","5",343,"5.20","medium","B",93629731,54785649,554544032,luiza
"344","15",344,"15.20","big","E",715904148,418637063,538188240,luiza
"345","4",345,"4.20","small","B",455137,110024,3782120,luiza
"346","13",346,"13.20","small","E",601223,127775,3254696,luiza
"347","10",347,"10.20","small","D",518268,118149,3326176,luiza
"348","9",348,"9.20","big","C",776729605,422852473,2140732408,luiza
"349","6",349,"6.20","big","B",NA,NA,NA,luiza
"350","3",350,"3.20","big","A",NA,NA,NA,luiza
"351","12",351,"12.20","big","D",736562412,423063536,1070243232,luiza
"352","8",352,"8.20","medium","C",88266049,54503879,277593776,luiza
"353","16",353,"16.20","small","F",766428,155631,3217744,luiza
"354","1",354,"1.20","small","A",438260,119326,4362840,luiza
"355","2",355,"2.20","medium","A",93750900,53938971,1086475888,luiza
"356","11",356,"11.20","medium","D",87355990,54107055,139862496,luiza
"357","17",357,"17.20","medium","F",82019539,54131981,37723432,luiza
"358","18",358,"18.20","big","F",712170120,419917898,269931496,luiza
"359","14",359,"14.20","medium","E",86304193,54428949,71096040,luiza
"360","7",360,"7.20","small","C",465084,105361,3486992,luiza
"361","12",361,"12.21","big","D",734889206,421164159,1070247200,luiza
"362","11",362,"11.21","medium","D",87329257,53919268,139862776,luiza
"363","17",363,"17.21","medium","F",83556661,55013747,37723528,luiza
"364","16",364,"16.21","small","F",773417,151455,3217744,luiza
"365","9",365,"9.21","big","C",766336776,418782210,2140732320,luiza
"366","4",366,"4.21","small","B",448557,108493,3782128,luiza
"367","7",367,"7.21","small","C",480042,120168,3487176,luiza
"368","15",368,"15.21","big","E",718204815,417776223,538187864,luiza
"369","2",369,"2.21","medium","A",93948790,54402103,1086479104,luiza
"370","3",370,"3.21","big","A",NA,NA,NA,luiza
"371","8",371,"8.21","medium","C",88026902,54135192,277596768,luiza
"372","10",372,"10.21","small","D",509870,113386,3326080,luiza
"373","5",373,"5.21","medium","B",92868670,54358943,554541280,luiza
"374","18",374,"18.21","big","F",712524257,423928772,269935112,luiza
"375","13",375,"13.21","small","E",615458,140671,3254696,luiza
"376","14",376,"14.21","medium","E",85941416,54246986,71096464,luiza
"377","6",377,"6.21","big","B",NA,NA,NA,luiza
"378","1",378,"1.21","small","A",449924,130018,4362928,luiza
"379","5",379,"5.22","medium","B",92988693,54165993,554544264,luiza
"380","4",380,"4.22","small","B",450489,103313,3781944,luiza
"381","18",381,"18.22","big","F",715664316,420281299,269931248,luiza
"382","2",382,"2.22","medium","A",94177949,54562442,1086475256,luiza
"383","12",383,"12.22","big","D",727304580,417947077,1070243488,luiza
"384","9",384,"9.22","big","C",768658789,419434017,2140732800,luiza
"385","7",385,"7.22","small","C",478372,111859,3487176,luiza
"386","16",386,"16.22","small","F",759627,157959,3217736,luiza
"387","14",387,"14.22","medium","E",86577537,54451550,71096280,luiza
"388","17",388,"17.22","medium","F",82047092,54246353,37725576,luiza
"389","15",389,"15.22","big","E",715241097,419082924,538187632,luiza
"390","10",390,"10.22","small","D",507957,116134,3326088,luiza
"391","6",391,"6.22","big","B",NA,NA,NA,luiza
"392","3",392,"3.22","big","A",NA,NA,NA,luiza
"393","8",393,"8.22","medium","C",87657453,54318773,277597560,luiza
"394","1",394,"1.22","small","A",453125,121880,4362928,luiza
"395","11",395,"11.22","medium","D",87349188,54049819,139861864,luiza
"396","13",396,"13.22","small","E",605965,122272,3254880,luiza
"397","14",397,"14.23","medium","E",86049167,54168001,71097272,luiza
"398","3",398,"3.23","big","A",NA,NA,NA,luiza
"399","8",399,"8.23","medium","C",88419265,54921137,277596120,luiza
"400","1",400,"1.23","small","A",449074,125913,4362928,luiza
"401","4",401,"4.23","small","B",444938,108083,3781944,luiza
"402","12",402,"12.23","big","D",734834893,424294795,1070242856,luiza
"403","16",403,"16.23","small","F",770714,154607,3217736,luiza
"404","7",404,"7.23","small","C",473809,113592,3487176,luiza
"405","6",405,"6.23","big","B",NA,NA,NA,luiza
"406","9",406,"9.23","big","C",768217109,419153665,2140732392,luiza
"407","18",407,"18.23","big","F",709884399,418940068,269931808,luiza
"408","5",408,"5.23","medium","B",92642186,54077204,554542776,luiza
"409","15",409,"15.23","big","E",719262232,421965097,538189288,luiza
"410","2",410,"2.23","medium","A",94291347,54692736,1086475816,luiza
"411","13",411,"13.23","small","E",591214,117693,3254704,luiza
"412","17",412,"17.23","medium","F",82055916,54353068,37723688,luiza
"413","11",413,"11.23","medium","D",86832741,53834026,139862736,luiza
"414","10",414,"10.23","small","D",523503,116872,3325904,luiza
"415","3",415,"3.24","big","A",NA,NA,NA,luiza
"416","14",416,"14.24","medium","E",85975421,54524566,71096240,luiza
"417","16",417,"16.24","small","F",758726,148176,3217560,luiza
"418","17",418,"17.24","medium","F",82612714,54559472,37727088,luiza
"419","8",419,"8.24","medium","C",88907004,54901632,277596280,luiza
"420","18",420,"18.24","big","F",719123340,423535514,269934464,luiza
"421","5",421,"5.24","medium","B",93237893,54634791,554541088,luiza
"422","6",422,"6.24","big","B",NA,NA,NA,luiza
"423","9",423,"9.24","big","C",766700941,420247258,2140734128,luiza
"424","2",424,"2.24","medium","A",93495458,54117647,1086475424,luiza
"425","4",425,"4.24","small","B",461470,119154,3781944,luiza
"426","15",426,"15.24","big","E",723797495,422474264,538188104,luiza
"427","1",427,"1.24","small","A",438644,113939,4362928,luiza
"428","7",428,"7.24","small","C",473458,110303,3486992,luiza
"429","13",429,"13.24","small","E",597119,120111,3254696,luiza
"430","12",430,"12.24","big","D",733034463,416013075,1070243848,luiza
"431","10",431,"10.24","small","D",514239,117717,3326000,luiza
"432","11",432,"11.24","medium","D",87414720,54079887,139861960,luiza
"433","13",433,"13.25","small","E",596874,124385,3254880,luiza
"434","4",434,"4.25","small","B",460172,110809,3782128,luiza
"435","3",435,"3.25","big","A",NA,NA,NA,luiza
"436","9",436,"9.25","big","C",778278803,423892043,2140732648,luiza
"437","11",437,"11.25","medium","D",87916806,54656487,139862112,luiza
"438","8",438,"8.25","medium","C",88216190,54437039,277593768,luiza
"439","7",439,"7.25","small","C",465726,110426,3487176,luiza
"440","1",440,"1.25","small","A",448330,124687,4362928,luiza
"441","14",441,"14.25","medium","E",86835057,54761038,71095848,luiza
"442","15",442,"15.25","big","E",723130258,424664171,538187376,luiza
"443","16",443,"16.25","small","F",777655,161611,3217560,luiza
"444","17",444,"17.25","medium","F",82343182,54492339,37723808,luiza
"445","6",445,"6.25","big","B",NA,NA,NA,luiza
"446","10",446,"10.25","small","D",504396,111888,3325904,luiza
"447","18",447,"18.25","big","F",708127732,419026241,269934456,luiza
"448","12",448,"12.25","big","D",740348767,421160493,1070243112,luiza
"449","5",449,"5.25","medium","B",93879297,54677534,554541152,luiza
"450","2",450,"2.25","medium","A",93948228,54318894,1086475664,luiza
"451","7",451,"7.26","small","C",460877,104437,3486992,luiza
"452","11",452,"11.26","medium","D",87581000,54124728,139861960,luiza
"453","6",453,"6.26","big","B",NA,NA,NA,luiza
"454","15",454,"15.26","big","E",721425607,423930501,538187936,luiza
"455","8",455,"8.26","medium","C",88250489,54305520,277593936,luiza
"456","4",456,"4.26","small","B",451862,102794,3782128,luiza
"457","14",457,"14.26","medium","E",86790448,54861451,71095904,luiza
"458","16",458,"16.26","small","F",757442,155627,3217736,luiza
"459","1",459,"1.26","small","A",449777,123960,4362928,luiza
"460","10",460,"10.26","small","D",517146,119754,3325904,luiza
"461","18",461,"18.26","big","F",711066401,418607934,269932768,luiza
"462","5",462,"5.26","medium","B",93445566,54708104,554541648,luiza
"463","2",463,"2.26","medium","A",94488116,55121025,1086475744,luiza
"464","12",464,"12.26","big","D",735151644,422046945,1070243088,luiza
"465","9",465,"9.26","big","C",773271664,423088548,2140732152,luiza
"466","13",466,"13.26","small","E",599019,129119,3254696,luiza
"467","3",467,"3.26","big","A",NA,NA,NA,luiza
"468","17",468,"17.26","medium","F",82293566,54553327,37725560,luiza
"469","15",469,"15.27","big","E",716105853,418085232,538188576,luiza
"470","6",470,"6.27","big","B",NA,NA,NA,luiza
"471","4",471,"4.27","small","B",450461,109707,3782128,luiza
"472","9",472,"9.27","big","C",779717078,424334892,2140732528,luiza
"473","14",473,"14.27","medium","E",86670091,54213022,71095848,luiza
"474","10",474,"10.27","small","D",520492,119232,3326088,luiza
"475","3",475,"3.27","big","A",NA,NA,NA,luiza
"476","18",476,"18.27","big","F",707387395,418757814,269931976,luiza
"477","17",477,"17.27","medium","F",82319760,54354410,37723440,luiza
"478","2",478,"2.27","medium","A",93694827,54399337,1086476408,luiza
"479","7",479,"7.27","small","C",474516,107114,3487168,luiza
"480","5",480,"5.27","medium","B",92790677,54366011,554540672,luiza
"481","11",481,"11.27","medium","D",87525471,53950130,139862616,luiza
"482","12",482,"12.27","big","D",736585226,419287056,1070243040,luiza
"483","8",483,"8.27","medium","C",88602982,54567377,277594608,luiza
"484","1",484,"1.27","small","A",456149,126869,4362920,luiza
"485","13",485,"13.27","small","E",592243,119491,3254968,luiza
"486","16",486,"16.27","small","F",762689,147062,3217744,luiza
"487","2",487,"2.28","medium","A",93496052,54080279,1086475920,luiza
"488","7",488,"7.28","small","C",473540,106184,3487176,luiza
"489","10",489,"10.28","small","D",515993,110382,3325904,luiza
"490","8",490,"8.28","medium","C",87551356,54127932,277596992,luiza
"491","9",491,"9.28","big","C",772269575,421538205,2140732320,luiza
"492","11",492,"11.28","medium","D",87680323,54479867,139862120,luiza
"493","3",493,"3.28","big","A",NA,NA,NA,luiza
"494","12",494,"12.28","big","D",734345169,421270584,1070243888,luiza
"495","5",495,"5.28","medium","B",93601546,55021333,554540176,luiza
"496","4",496,"4.28","small","B",455347,102685,3782120,luiza
"497","16",497,"16.28","small","F",787596,157508,3217560,luiza
"498","14",498,"14.28","medium","E",85487018,54715598,71096072,luiza
"499","13",499,"13.28","small","E",600053,128513,3254792,luiza
"500","1",500,"1.28","small","A",459675,135801,4362928,luiza
"501","18",501,"18.28","big","F",712153102,422798012,269934256,luiza
"502","15",502,"15.28","big","E",718921736,422917807,538188888,luiza
"503","17",503,"17.28","medium","F",82279569,54191025,37723856,luiza
"504","6",504,"6.28","big","B",NA,NA,NA,luiza
"505","16",505,"16.29","small","F",772011,152793,3217656,luiza
"506","15",506,"15.29","big","E",717001393,419874536,538190728,luiza
"507","12",507,"12.29","big","D",737042307,420151387,1070242856,luiza
"508","8",508,"8.29","medium","C",87857581,54031121,277593928,luiza
"509","7",509,"7.29","small","C",470672,105801,3487168,luiza
"510","5",510,"5.29","medium","B",92514521,53962870,554540416,luiza
"511","18",511,"18.29","big","F",707845932,417037524,269933704,luiza
"512","1",512,"1.29","small","A",441798,114030,4362928,luiza
"513","3",513,"3.29","big","A",NA,NA,NA,luiza
"514","17",514,"17.29","medium","F",82535210,54762024,37724280,luiza
"515","11",515,"11.29","medium","D",87159770,54165790,139861960,luiza
"516","6",516,"6.29","big","B",NA,NA,NA,luiza
"517","4",517,"4.29","small","B",456099,107145,3781944,luiza
"518","2",518,"2.29","medium","A",93965789,54518251,1086477840,luiza
"519","10",519,"10.29","small","D",524694,116862,3326176,luiza
"520","13",520,"13.29","small","E",599349,129316,3254872,luiza
"521","14",521,"14.29","medium","E",86135870,54053225,71095664,luiza
"522","9",522,"9.29","big","C",766862392,415921992,2140732528,luiza
"523","13",523,"13.30","small","E",600821,126213,3254696,luiza
"524","4",524,"4.30","small","B",458047,112068,3782040,luiza
"525","6",525,"6.30","big","B",NA,NA,NA,luiza
"526","5",526,"5.30","medium","B",93305312,54655440,554542944,luiza
"527","18",527,"18.30","big","F",714063888,420787577,269932496,luiza
"528","2",528,"2.30","medium","A",94005948,54355716,1086475632,luiza
"529","8",529,"8.30","medium","C",88240716,54502279,277594688,luiza
"530","17",530,"17.30","medium","F",83176960,54801150,37723848,luiza
"531","12",531,"12.30","big","D",733695142,421475294,1070243720,luiza
"532","1",532,"1.30","small","A",454546,132319,4362928,luiza
"533","3",533,"3.30","big","A",NA,NA,NA,luiza
"534","15",534,"15.30","big","E",718375838,420321164,538188592,luiza
"535","10",535,"10.30","small","D",509825,117217,3326080,luiza
"536","14",536,"14.30","medium","E",85727713,53959155,71099928,luiza
"537","9",537,"9.30","big","C",769626466,419017921,2140732952,luiza
"538","7",538,"7.30","small","C",475945,117254,3487176,luiza
"539","16",539,"16.30","small","F",758338,153964,3217560,luiza
"540","11",540,"11.30","medium","D",87254039,53894923,139863392,luiza
